Carpark No,Total Lots,Lots Available,Address
HG44,155,0,BLK 681-684 HOUGANG AVENUE 4/8
T17,228,0,BLK 201D/209/208A TAMPINES STREET 21
CR29,56,0,BLK 29/30 KELANTAN LANE
C7,30,0,BLK 349-355 CLEMENTI AVENUE 2
C17,35,0,"BLK 442-444
T42,86,0,BLK 824/827 TAMPINES STREET 81
M36,17,0,BLK 43 CIRCUIT ROAD
SK44,10,0,BLK 308 ANCHORVALE ROAD
SK40,10,0,BLK 306 ANCHORVALE LINK
TBMT,50,0,BLK 80 TELOK BLANGAH STREET 31
TE3,19,0,BLK 108/110/112 JALAN BUKIT MERAH
BM30,46,0,BLK 164/165 BUKIT MERAH CENTRAL
CK4,10,0,"BLK 135-138
SK50,10,0,BLK 323 SENGKANG EAST WAY
FR4M,50,0,BLK 6A FARRER ROAD
CK16,202,0,BLK 401/408 CHOA CHU KANG AVENUE 3
A30,12,0,BLK 129/134 ANG MO KIO STREET 12
NT6L,6,0,BLK 647 TAMPINES STREET 62
CK29,26,0,BLK 276/277 CHOA CHU KANG AVENUE 2
STAM,50,0,BLK 56A STRATHMORE AVENUE
SK51,10,0,BLK 325 SENGKANG EAST WAY
HE3,148,0,BLK 116/117 BUKIT MERAH VIEW
HE3,53,0,BLK 116/117 BUKIT MERAH VIEW
HE3,1,0,BLK 116/117 BUKIT MERAH VIEW
TB2,100,0,BLK 8-10 TELOK BLANGAH CRESCENT
JKM,360,0,BLK 8A JALAN KUKOH MSCP
JKM,100,0,BLK 8A JALAN KUKOH MSCP
JKS,42,0,BLK 1 JALAN KUKOH CAR PARK
JKS,37,0,BLK 1 JALAN KUKOH CAR PARK
JKS,100,0,BLK 1 JALAN KUKOH CAR PARK
FR2C,1,0,BLK 3/4 QUEEN'S ROAD
GM1A,1,0,BLK 2A GHIM MOH ROAD
AR9,64,0,BLK 20/22/23 DOVER CRESCENT
C9,1,0,BLK 340/342/343/346-348 CLEMENTI AVENUE  5
TGML,4,0,BLK 64 AND 65 TEBAN GARDENS ROAD
C3M,354,0,BLK 416A CLEMENTI AVENUE 1
C3M,1,0,BLK 416A CLEMENTI AVENUE 1
C4M,1,0,BLK 413A COMMONWEALTH AVENUE WEST
C24,50,0,BLK 110/118 CLEMENTI STREET 13
C27,16,0,BLK 108/109 CLEMENTI STREET 11
C27,10,0,BLK 108/109 CLEMENTI STREET 11
KTM5,100,0,BLK 126 KIM TIAN ROAD
Q84,1,0,BLK 2/4/6/31/32 HOLLAND CLOSE
Q87,1,0,BLK 5A HOLLAND CLOSE
Q89,1,0,BLK 7B COMMONWEALTH AVENUE
BM5,100,0,BLKS 8/10 JALAN RUMAH TINGGI
TB1,1,0,BLK 1/2/3/4/6 TELOK BLANGAH CRESCENT
TB9,77,0,BLK 32/35 TELOK BLANGAH RISE
TB9,100,0,BLK 32/35 TELOK BLANGAH RISE
TBC3,106,0,BLK 3A TELOK BLANGAH CRESCENT
TBC3,95,0,BLK 3A TELOK BLANGAH CRESCENT
TBC3,106,0,BLK 3A TELOK BLANGAH CRESCENT
C25,50,0,BLK 101-104 CLEMENTI STREET 14
C22M,50,0,BLK 109A CLEMENTI STREET 11
J71,450,0,BLK 812/826 JURONG WEST STREET 81
Y3M,206,0,BLK 115A/115B/115C YISHUN RING ROAD
Y69L,4,0,"BLKS 513A
Y57,18,0,BLK 415/417 YISHUN RING ROAD/AVENUE 11
S24L,2,0,BLK 507A WELLINGTON CIRCLE
JS33,8,0,BLK 507A WELLINGTON CIRCLE
P5L,4,0,BLK 106A PUNGGOL FIELD
MLM,100,0,BLK 157A MEI LING STREET
BE38,31,0,BLK 283/284 BISHAN STREET 22
JB3,10,0,"BLK 6
K2,95,0,"BLK 9
K2,50,0,"BLK 9
KM2,118,0,BLK 93A JALAN DUA
KM2,1,0,BLK 93A JALAN DUA
KM3,50,0,BLK 11A PINE CLOSE
ACM,50,0,BLK 98A ALJUNIED CRESCENT
GE1A,50,0,BLK 99-106/111-112 ALJUNIED CRESCENT
GE1F,10,0,BLK 107-108 ALJUNIED CRESCENT
GE1G,10,0,BLK 95 & 113 ALJUNIED CRESCENT
GE1G,20,0,BLK 95 & 113 ALJUNIED CRESCENT
JB1,70,0,"BLK 3-5
LT1,50,0,"BLK 110
LT2,50,0,BLK 111-112 LENGKONG TIGA
LT3,50,0,BLK 101-109 LENGKONG TIGA
M32,50,0,BLK 120 TO 124 PAYA LEBAR WAY
MP1,50,0,BLK 1 TO 4 MARINE TERRACE
MP17,50,0,BLK 51 MARINE TERRACE
MP2,50,0,BLK 5 TO 8 MARINE TERRACE
MP5,20,0,BLK 52/57 MARINE TERRACE
MP5M,159,0,BLK 47A MARINE CRESCENT
MP5S,8,0,BLK 45 MARINE CRESCENT
MP5S,39,0,BLK 45 MARINE CRESCENT
MP6,10,0,BLK 50/50A/53 MARINE TERRACE
MP7,10,0,BLK 54/55/56/58/59 MARINE TERRACE
SK9,100,0,BLK 146A RIVERVALE CRESCENT
SK14,100,0,BLK 142A RIVERVALE DRIVE
BE26,65,0,BLK 207/212/216/217 BISHAN STREET 23
BE29,48,0,BLK 228-231 BISHAN STREET 23
CLM,50,0,BLK 129A CLARENCE LANE
BM14,10,0,BLK 34-36 JALAN RUMAH TINGGI
BM6,29,0,BLK 61 LENGKOK BAHRU
BM6,10,0,BLK 61 LENGKOK BAHRU
BM6,26,0,BLK 61 LENGKOK BAHRU
H3,50,0,BLK 87 ZION ROAD
H8,65,0,BLKS 4-8 TAMAN HO SWEE
H8,1,0,BLKS 4-8 TAMAN HO SWEE
HE24,37,0,BLK 116 BUKIT MERAH VIEW
HE24,1,0,BLK 116 BUKIT MERAH VIEW
JRTM,10,0,BLK 37A JALAN RUMAH TINGGI
KTM3,10,0,BLK 131A KIM TIAN ROAD
RHM4,50,0,BLK 74 REDHILL ROAD
RHS,12,0,BLK 75A/B REDHILL ROAD
RHS,1,0,BLK 75A/B REDHILL ROAD
RHS,3,0,BLK 75A/B REDHILL ROAD
P40L,6,0,BLK 740 TO 745 PASIR RIS STREET 71
SK28,100,0,BLK 203 COMPASSVALE ROAD
SK29,100,0,BLK 204 COMPASSVALE DRIVE
TP30,31,0,BLK 116/122 LORONG 1 TOA PAYOH
TP48,20,0,BLK 8 LORONG 7 TOA PAYOH
SK24,100,0,BLK 185 RIVERVALE CRESCENT
SK24,100,0,BLK 185 RIVERVALE CRESCENT
MLM1,100,0,BLK 161A MEI LING STREET
STM1,50,0,BLK 169A STIRLING ROAD
STM2,50,0,BLK 171A STIRLING ROAD
STM3,100,0,BLK 168-171 STIRLING ROAD
STM3,50,0,BLK 168-171 STIRLING ROAD
Q88,100,0,BLK 19A QUEEN'S CLOSE
Q8,100,0,BLK 19/23A/23B QUEENS CLOSE
CDM,50,0,BLK 54 COMMONWEALTH DRIVE
TB11,50,0,BLK 42/43 TELOK BLANGAH RISE
TB22,10,0,BLK 79/80/81 TELOK BLANGAH DRIVE
TB23,50,0,DEPOT ROAD LORRY PARK
TB28,18,0,BLK 45 TELOK BLANGAH DRIVE
TB6,33,0,BLK 27/33 TELOK BLANGAH WAY
TB6,10,0,BLK 27/33 TELOK BLANGAH WAY
TB7,10,0,BLK 29/32 TELOK BLANGAH RISE
TE1,50,0,BLK 115-117 JALAN BUKIT MERAH
YHS,50,0,BLK 11/12/13 YORK HILL CAR PARK
CV2,31,0,BLK 3 CHANGI VILLAGE ROAD
S30L,10,0,SENGKANG EAST WAY
S30L,10,0,SENGKANG EAST WAY
SK30,100,0,BLK 260 SENGKANG EAST WAY
SK31,100,0,BLK 195A RIVERVALE DRIVE
SK38,100,0,BLK 261 COMPASSVALE STREET
SK38,61,0,BLK 261 COMPASSVALE STREET
SK59,10,0,BLK 263 COMPASSVALE STREET
SK94,100,0,BLK 329 ANCHORVALE STREET
MP3M,10,0,BLK 12A MARINE TERRACE
MP2M,50,0,BLK 35A MARINE CRESCENT
A54,767,0,BLK 727/728 ANG MO KIO AVENUE 6
SK41,10,0,BLK 305 ANCHORVALE LINK
BR10,59,0,BLK 90 WHAMPOA DRIVE
GSML,22,0,BLK 2 GEYLANG SERAI
CK9,45,0,BLK 223-227 CHOA CHU KANG CENTRAL
BJ15,37,0,BLK 259A BANGKIT ROAD
Q68,100,0,BLK 110 COMMONWEALTH CRESCENT
Q65,100,0,BLK 115A COMMONWEALTH DRIVE
SK95,100,0,BLK 334 ANCHORVALE CRESCENT
SK90,111,0,BLK 332 ANCHORVALE LINK
SK85,100,0,BLK 430 FERNVALE LINK
Q17,100,0,BLK 52 STIRLING ROAD
Q96,100,0,BLK 181-184 STIRLING ROAD
CC8,147,0,BLK 55/58 CHAI CHEE DRIVE
BL15,20,0,BLK 257A BOON LAY DRIVE
Q16,100,0,BLK 45 AND 50 STIRLING ROAD
PL47,214,0,BLK 207 PUNGGOL PLACE
SK27,100,0,BLK 119 RIVERVALE DRIVE
SK96,100,0,BLK 440 FERNVALE LINK
AR2L,4,0,BLK 26 AND 27 DOVER CRESCENT
S102,100,0,BLK 164 RIVERVALE CRESCENT
BKE1,5,0,BLK 668 CHANDER ROAD
SK67,100,0,BLK 266 COMPASSVALE BOW
SK65,100,0,BLK 267 COMPASSVALE LINK
SK64,100,0,BLK 269 COMPASSVALE LINK
MP15,23,0,BLK 83/87 MARINE PARADE ROAD
MP16,22,0,BLK 84 TO 86 MARINE PARADE ROAD
B24,150,0,BLK 84/89 BEDOK NORTH AVENUE 4
B25,130,0,BLK 91/97 BEDOK NORTH AVENUE 4
T77,24,0,BLK 472/484 TAMPINES STREET 43/44
Q73,100,0,BLK 91/92 COMMONWEALTH DRIVE
Q70,100,0,BLK 99/102 COMMONWEALTH CRESCENT
Q67,100,0,BLK 116-118 COMMONWEALTH CRESCENT
J66,77,0,BLK 959-961 JURONG WEST STREET 92
J67,156,0,BLK 962-966 JURONG WEST STREET 91
SK66,100,0,BLK 156A RIVERVALE CRESCENT
SK18,100,0,BLK 188E RIVERVALE DRIVE
SK18,100,0,BLK 188E RIVERVALE DRIVE
U11,60,0,BLK 166 BUKIT BATOK WEST AVENUE 8
TJ39,7,0,138 YUAN CHING ROAD
AR7L,4,0,12 TO 14 DOVER CLOSE EAST
P71L,5,0,12 TO 14 DOVER CLOSE EAST
TM9,20,0,BLK 330A TAMPINES STREET 32
SK34,100,0,BLK 299 COMPASSVALE STREET
SK35,100,0,BLK 297 COMPASSVALE STREET
SK35,154,0,BLK 297 COMPASSVALE STREET
Q94,25,0,BLK 102 COMMONWEALTH CRESCENT
Q94,10,0,BLK 102 COMMONWEALTH CRESCENT
Q66,102,0,BLK 117 COMMONWEALTH DRIVE
SK55,123,0,BLK 160 RIVERVALE CRESCENT
SK55,10,0,BLK 160 RIVERVALE CRESCENT
AR1L,4,0,3 AND 5 DOVER ROAD
HG14,504,0,"BLK 327-328
SE43,32,0,BLK 510 SERANGOON NORTH AVENUE 4
KU9,101,0,"BLK 302
W56L,10,0,"BLK 302
C21L,1,0,BLK 454 TO 460 CLEMENTI AVENUE 3
HG56,20,0,BLK 830-835 HOUGANG CENTRAL
PDT8,45,0,BLK 866A TAMPINES ST 83
BKE3,17,0,BLK 682/683 RACE COURSE ROAD
DSR1,50,0,BLK 31A MARGARET DRIVE
DSR2,50,0,BLK 37A MARGARET DRIVE
DSRL,50,0,BLK 38A MARGARET DRIVE
SK34,113,0,BLK 299 COMPASSVALE STREET
BE22,8,0,BLK 511/513 BISHAN STREET 13
TPL,18,0,BLK 5/7 TANJONG PAGAR
BJ57,24,0,BLK 628 SENJA ROAD
A33,2,0,BLK 253/254 ANG MO KIO STREET 21
S38L,8,0,"BLK 128A
S40L,4,0,BLK 115B AND 115C CANBERRA WALK
C3ML,1,0,"BLK 419
C3ML,10,0,"BLK 419
S14L,9,0,"353A-353B
C19M,40,0,BLK 445 CLEMENTI AVENUE 3
JS1L,10,0,BLK 692A JURONG WEST CENTRAL 3
B65L,5,0,BLK 152A BEDOK SOUTH ROAD
SS1L,4,0,BLK 152A BEDOK SOUTH ROAD
H3DL,2,0,"BLK 998A TO 998B
C17,1,1,"BLK 442-444
CK24,48,1,BLK 350-351 CHOA CHU KANG CENTRAL
TB2,51,1,BLK 8-10 TELOK BLANGAH CRESCENT
BM5,8,1,BLKS 8/10 JALAN RUMAH TINGGI
J60L,10,1,BLK 505 JURONG WEST STREET 52
CR3,30,1,BLK 9 NORTH BRIDGE ROAD
GE1G,45,1,BLK 95 & 113 ALJUNIED CRESCENT
HE1,21,1,BLK 102/103/104 HENDERSON CRESCENT
HE24,5,1,BLK 116 BUKIT MERAH VIEW
W27,4,1,BLK 303 WOODLANDS STREET 31
TB28,18,1,BLK 45 TELOK BLANGAH DRIVE
S30L,24,1,SENGKANG EAST WAY
SK59,2,1,BLK 263 COMPASSVALE STREET
J24,34,1,BLK 342/346 JURONG EAST STREET 31
A8,52,1,BLK 209/210 ANG MO KIO STREET 22
JCML,2,1,BLK 2 JOO CHIAT ROAD
KB18,36,1,BLK 45-48 BENDEMEER ROAD
GEML,3,1,BLK 118 ALJUNIED AVENUE 2
Y68L,6,1,"BLKS 504A
KJML,5,1,BLK 14A FARRER PARK ROAD
DSRL,4,1,BLK 38A MARGARET DRIVE
Y77L,2,1,BLK 38A MARGARET DRIVE
SK97,47,1,BLK 350 ANCHORVALE ROAD
CR1A,22,1,BLK 2 BEACH ROAD
CR1B,20,1,BLK 3 BEACH ROAD
H3BL,10,1,"BLK 991A TO 991B
CR30,54,2,BLK 639/640 ROWELL COURT
TE4,30,2,BLK 132-138 JALAN BUKIT MERAH
NT7L,4,2,BLK 646 TAMPINES STREET 62
TB1,58,2,BLK 1/2/3/4/6 TELOK BLANGAH CRESCENT
C26,35,2,BLK 105-107 CLEMENTI STREET 12
C22M,22,2,BLK 109A CLEMENTI STREET 11
BE28,304,2,"BLK 213-215
RHM4,7,2,BLK 74 REDHILL ROAD
TB22,15,2,BLK 79/80/81 TELOK BLANGAH DRIVE
DWST,4,2,BLK 89A DAWSON ROAD
A88,44,2,BLK 348 ANG MO KIO AVENUE 3
P73L,4,2,BLK 229A & 229B SUMANG LANE
S36L,4,2,BLK 121A AND 121B CANBERRA STREET
Y79L,8,2,"BLK 465A-465B
JS4L,12,2,BLK 337 TAH CHING ROAD
BJBL,13,2,BLK 533 - 534 BUKIT PANJANG RING ROAD
PP4,166,3,BLK 121 TO 133 POTONG PASIR AVENUE 1
TP14,53,3,BLK 63/64 LORONG 5 TOA PAYOH
U28,15,3,BLK 374-376 BUKIT BATOK STREET 31
BM28,51,3,"BLK 117
TB2,18,3,BLK 8-10 TELOK BLANGAH CRESCENT
M3,126,3,BLK 19 TO 21/23/24/30/32 BALAM ROAD
S19L,4,3,BLK 501B WELLINGTON CIRCLE
Y83L,6,3,BLK 501B WELLINGTON CIRCLE
W37,50,3,BLK 816-821 WOODLANDS STREET 82
PL33,48,3,BLK 621A - 621B EDGEFIELD WALK
K2T,12,3,BLK 21 JALAN EMPAT
MP5M,159,3,BLK 47A MARINE CRESCENT
TB22,20,3,BLK 79/80/81 TELOK BLANGAH DRIVE
CV3,86,3,BLK 5 CHANGI VILLAGE ROAD
SK59,17,3,BLK 263 COMPASSVALE STREET
EC3,44,3,BLK 5-8/11/4A EUNOS CRESCENT
Q68,21,3,BLK 110 COMMONWEALTH CRESCENT
T55,8,3,BLK 501/508 TAMPINES CENTRAL 1
C21L,10,3,BLK 454 TO 460 CLEMENTI AVENUE 3
Y29,26,3,BLK 846 YISHUN RING ROAD
BL8L,6,3,BLK 221 BOON LAY PLACE
Y49H,27,3,BLK 419A YISHUN AVENUE 11
KAS,26,3,BLK 333 KRETA AYER CAR PARK
S13L,11,3,351A-351D ANCHORVALE ROAD
CY,28,4,BLK 269/269A/269B CHENG YAN COURT CAR PARK
A20,83,4,BLK 304/307/319 ANG MO KIO STREET 31
UA2,73,4,BLK 3 TO 5 UPPER ALJUNIED LANE
MR4,35,4,BLK 7 KING GEORGE AVENUE
W28,27,4,BLK 304/305 WOODLANDS STREET 31
JB2,55,4,BLK 10-11 JALAN BATU
LT2,74,4,BLK 111-112 LENGKONG TIGA
MP17,17,4,BLK 51 MARINE TERRACE
MP5,24,4,BLK 52/57 MARINE TERRACE
MP5S,33,4,BLK 45 MARINE CRESCENT
Q19,20,4,BLK 151 MEI LING STREET
B41,26,4,BLK 510 BEDOK NORTH STREET 3
J26,31,4,BLK 351/353 JURONG EAST STREET 31
KAML,5,4,BLK 335 KRETA AYER (LUB)
CR6,79,4,BLK 335 KRETA AYER (LUB)
C21L,10,4,BLK 454 TO 460 CLEMENTI AVENUE 3
C3ML,10,4,"BLK 419
JS5L,30,4,BLK 647A JURONG WEST STREET 61
S39L,5,4,BLK 542A/542 SERANGOON NORTH AVENUE 4
TB14,43,5,BLK 113/114 DEPOT ROAD
SD9,41,5,BLK 114 LORONG 3 GEYLANG
C26,8,5,BLK 105-107 CLEMENTI STREET 12
SD2,29,5,BLK 45/50/51 SIMS DRIVE
A28,84,5,BLK 103/105/107 ANG MO KIO STREET 11
S28L,8,5,BLK 489 ADMIRALTY LINK
NTL,19,5,BLK 601 - 605A/D TAMPINES AVENUE 9/ STREET 61
M20,36,6,BLK 65 & 80 CIRCUIT ROAD
B63,99,6,BLK 739/745 BEDOK RESERVOIR ROAD
TP31,50,6,BLK 109/111 TO 115 LORONG 1 TOA PAYOH
JKM,111,6,BLK 8A JALAN KUKOH MSCP
C27,12,6,BLK 108/109 CLEMENTI STREET 11
KTM5,170,6,BLK 126 KIM TIAN ROAD
BM5,46,6,BLKS 8/10 JALAN RUMAH TINGGI
TB1,22,6,BLK 1/2/3/4/6 TELOK BLANGAH CRESCENT
TB3,154,6,BLK 12/22 TELOK BLANGAH CRESCENT
J69,222,6,BLK 974/980 JURONG WEST STREET 93
P6L,6,6,BLK 109B PUNGGOL FIELD
BM19,16,6,BLK 88/89 REDHILL CLOSE
STM1,12,6,BLK 169A STIRLING ROAD
EPL,18,6,BLK 1/7 EVERTON PARK
J47,34,6,BLK 502/503 JURONG WEST AVENUE 1
HG2D,36,6,"BLK 581
W100,282,6,BLK 537-547 WOODLANDS DRIVE 16
SE22,20,7,BLK 261/263 SERANGOON CENTRAL
GE1F,50,7,BLK 107-108 ALJUNIED CRESCENT
BM14,32,7,BLK 34-36 JALAN RUMAH TINGGI
W26,20,7,BLK 301/302 WOODLANDS STREET 31
Q16,10,7,BLK 45 AND 50 STIRLING ROAD
Q73,49,7,BLK 91/92 COMMONWEALTH DRIVE
Q70,9,7,BLK 99/102 COMMONWEALTH CRESCENT
T57,22,7,BLK 885A TAMPINES STREET 83
HG12,290,7,BLK 320-324 HOUGANG AVENUE 5
A51,35,7,BLK 252/253A ANG MO KIO STREET 21
W109,22,7,BLK 764B WOODLANDS CIRCLE
TM25,128,8,BLK 497E TAMPINES STREET 45
BMVM,40,8,BLK 126A BUKIT MERAH VIEW
C25,12,8,BLK 101-104 CLEMENTI STREET 14
W107,50,8,BLK 569A-569B CHAMPIONS WAY
BM19,36,8,BLK 88/89 REDHILL CLOSE
J25,30,8,BLK 347/350 JURONG EAST AVENUE 1
J57L,13,9,BLK 131 JURONG GATEWAY ROAD
TP10,83,9,BLK 68 LORONG 5 TOA PAYOH
U27,20,9,BLK 371-373 BUKIT BATOK STREET 31
SK83,94,9,BLK 450 SENGKANG WEST WAY
CR2,33,9,BLK 3/4 BEACH ROAD
BM20,24,9,BLK 89/90 REDHILL CLOSE
HE1,10,9,BLK 102/103/104 HENDERSON CRESCENT
TE1,90,9,BLK 115-117 JALAN BUKIT MERAH
BJ23,16,9,BLK 258 BUKIT PANJANG RING ROAD
K10,96,9,"BLK 28
PRS1,21,9,BLK 212A PASIR RIS STREET 21
SK82,66,9,BLK 182 RIVERVALE CRESCENT
T15,30,10,BLK 201A/201C TAMPINES STREET 21
M37,35,10,BLK 38 TO 40 CIRCUIT ROAD
SK49,10,10,BLK 319 ANCHORVALE DRIVE
BRBL,11,10,BLK 665 BUFFALO ROAD LOADING/UNLOADING BAYS
U41,30,10,BLK 632/644 BUKIT BATOK CENTRAL
W6,57,10,BLK 15/16 MARSILING LANE
SK26,10,10,BLK 259 COMPASSVALE ROAD
SK33,10,10,BLK 201 SENGKANG EAST ROAD
SK33,112,10,BLK 201 SENGKANG EAST ROAD
JB3,33,10,"BLK 6
GE1F,17,10,BLK 107-108 ALJUNIED CRESCENT
HE4,30,10,BLK 121/122 & 127 BUKIT MERAH VIEW
TP67,183,10,BLK 25-27/257-259 KIM KEAT AVENUE
Q86,52,10,BLK 148A MEI LING STREET
STM2,52,10,BLK 171A STIRLING ROAD
PL38,10,10,BLK 612 PUNGGOL DRIVE
PL35,10,10,BLK 602 PUNGGOL CENTRAL
CR1,124,10,BLK 1/3/15/17 BEACH ROAD
SK47,50,10,BLK 310 ANCHORVALE ROAD
J38,27,11,BLK 505/508 JURONG WEST STREET 52
Y49L,19,11,BLK 418/419 YISHUN AVENUE 11
Y21,77,11,BLK 290/292 YISHUN STREET 22
PR8,158,11,BLK 456/461 PASIR RIS DRIVE 4
SI6,39,11,BLK 132 SIMEI STREET 1
Q70,30,11,BLK 99/102 COMMONWEALTH CRESCENT
BKE2,17,11,BLK 681/682 RACE COURSE ROAD
J56,15,12,BLK 130 JURONG GATEWAY ROAD
BE7,119,12,BLK 139-144 BISHAN STREET 12
MP7,28,12,BLK 54/55/56/58/59 MARINE TERRACE
HE19,30,12,#NAME?
Q19,12,12,BLK 151 MEI LING STREET
Q17,26,12,BLK 52 STIRLING ROAD
Q16,18,12,BLK 45 AND 50 STIRLING ROAD
CK65,69,12,"BLK 535
SE52,21,12,NEXT TO BLK 226 SERANGOON AVENUE 4
CR31,93,13,BLK 632/633/635 VEERASAMY ROAD
Y56,45,13,"BLK 926/932
CK19,70,13,BLK 133/134 TECK WHYE LANE
SB34,63,13,BLK 462 SEMBAWANG DRIVE
LT2,19,13,BLK 111-112 LENGKONG TIGA
TP20,90,13,BLK 158-161/163/168-174 LORONG 1 TOA PAYOH
TB7,44,13,BLK 29/32 TELOK BLANGAH RISE
SK96,50,13,BLK 440 FERNVALE LINK
U11,60,13,BLK 166 BUKIT BATOK WEST AVENUE 8
FR2C,27,14,BLK 3/4 QUEEN'S ROAD
U38,115,14,BLK 185/187 BUKIT BATOK WEST AVENUE 6
J70,147,14,BLK 835/838 JURONG WEST STREET 81
JB3,19,14,"BLK 6
LT3,31,14,BLK 101-109 LENGKONG TIGA
Q73,26,14,BLK 91/92 COMMONWEALTH DRIVE
PR14,84,14,BLK 557-562 PASIR RIS STREET 51
C17,66,15,"BLK 442-444
HG31,85,15,BLK 414-416 HOUGANG AVENUE 10
TP68,21,15,BLK 196 KIM KEAT AVENUE
A52,149,15,BLK 701/716 ANG MO KIO AVENUE 3/6
B7B,21,15,BEDOK CENTRAL
PL49,214,15,BLK 210 PUNGGOL PLACE
HG16,73,15,BLK 211-212 HOUGANG STREET 21
BKE4,43,15,BLK 684/685 RACE COURSE ROAD
BM29,97,16,BLK 163 BUKIT MERAH CENTRAL
AR9,24,16,BLK 20/22/23 DOVER CRESCENT
JB2,21,16,BLK 10-11 JALAN BATU
MP6,36,16,BLK 50/50A/53 MARINE TERRACE
CLM,37,16,BLK 129A CLARENCE LANE
H3,148,16,BLK 87 ZION ROAD
HG52,192,16,BLK 556-566 HOUGANG STREET 51
SPS,31,16,BLK 101/102 SPOTTISWOODE PARK CAR PARK
SM9,28,16,BLK 24A SIN MING ROAD
Y58,41,16,162 YISHUN STREET 11
BKE9,38,16,BLK 668 CHANDER ROAD
HR1,78,16,BLK 1-3 HAIG ROAD
RC3,43,16,BLK 105/108 JALAN RAJAH
HG64,82,17,BLK 682-684 HOUGANG STREET 61
Y20,60,17,BLK 293/294 YISHUN STREET 22
LBM,35,17,BLK 64 LENGKOK BAHRU
P35L,20,17,PUNGGOL CENTRAL
BJ14,63,17,BLK 257 BANGKIT ROAD
A48,58,17,BLK 571/73 ANG MO KIO STREET 51
C36,86,17,BLK 728/729 CLEMENTI WEST STREET 2
SLS,79,17,BLK 4 SAGO LANE CAR PARK
TE14,134,18,BLK 140/142 JALAN BUKIT MERAH
M38,39,18,BLK 63 TO 64 CIRCUIT ROAD
FR4M,23,18,BLK 6A FARRER ROAD
CK30,136,18,BLK 248/250 CHOA CHU KANG AVENUE 2
Q65,49,18,BLK 115A COMMONWEALTH DRIVE
Q17,18,18,BLK 52 STIRLING ROAD
C18A,36,18,BLK 426/427 CLEMENTI AVENUE 3
HR4,69,18,BLK 10 TO 14 HAIG ROAD
Q94,33,18,BLK 102 COMMONWEALTH CRESCENT
CKT2,81,18,BLK 302 CHOA CHU KANG LOOP
BM2,53,19,BLK 28 HOY FATT ROAD
TW1,108,19,BLK 25/26 TECK WHYE LANE
B7,86,19,BLK 211/218 BEDOK NORTH STREET 1
AM32,91,19,BLK 255A ANG MO KIO STREET 21
UBK4,53,19,BLK 19/20 UPPER BOON KENG
SD4,41,19,BLK 52 SIMS PLACE
PL34,80,19,BLK 603 PUNGGOL ROAD
Q68,34,19,BLK 110 COMMONWEALTH CRESCENT
GE1B,64,19,BLK 114-117 ALJUNIED AVENUE 2
Q66,36,19,BLK 117 COMMONWEALTH DRIVE
SE21,29,20,BLK 262/263 SERANGOON CENTRAL
MP5M,40,20,BLK 47A MARINE CRESCENT
KTM2,48,20,BLK 120B KIM TIAN PLACE
TP41,134,20,BLK 253/254/256 KIM KEAT AVENUE
TB11,154,20,BLK 42/43 TELOK BLANGAH RISE
BR12,57,20,BLKS 34/35 JALAN BAHAGIA
BJ11,100,21,BLK 242-245 BUKIT PANJANG RING ROAD
B70,41,21,BLK 201 BEDOK NORTH STREET 1
SK75,167,21,BLK 441 FERNVALE ROAD
K7,159,21,BLK 51 OLD AIRPORT ROAD
Q80,31,21,BLK 45/46/47 HOLLAND DRIVE
U8,121,21,BLK 165/168 BUKIT BATOK WEST AVENUE 8
BE35,190,21,BLK 246-256 BISHAN STREET 22
SE31,187,22,BLK 514/520 SERANGOON NORTH AVENUE 4
C26,25,22,BLK 105-107 CLEMENTI STREET 12
J72,220,22,BLK 743/751 JURONG WEST STREET 73
PL44,55,22,BLK 206A PUNGGOL PLACE
TB10,80,22,BLK 38/40 TELOK BLANGAH RISE
TB23,50,22,DEPOT ROAD LORRY PARK
BJ62,68,22,BLK 454 FAJAR ROAD
SE37,85,22,BLK 519 SERANGOON NORTH AVENUE 4
Q41,90,22,BLK 80 STRATHMORE AVENUE
A43,141,23,BLK 457/458/460 ANG MO KIO STREET 44
TB10,213,23,BLK 38/40 TELOK BLANGAH RISE
TB11,58,23,BLK 42/43 TELOK BLANGAH RISE
U50,37,23,BLK 230A BUKIT BATOK ST 21 BUKIT BATOK STREET 21
TB18,71,23,BLK 72/74/84 TELOK BLANGAH DRIVE
BJAL,38,23,BLK 517 - 519 JELAPANG ROAD
TP2,85,24,BLK 85/A/B/C LORONG 4 TOA PAYOH
CK17,185,24,BLK 421/428 CHOA CHU KANG AVENUE 4
HG22,116,24,BLK 154-157 HOUGANG STREET 11
KTM4,57,24,BLK 119A KIM TIAN ROAD
J19,138,24,BLK 309/310 JURONG EAST STREET 32
A10,62,24,BLK 201/202 ANG MO KIO STREET 22
A24,229,24,BLK 338/340 ANG MO KIO STREET 32
H93L,38,24,"BLK 978C TO 981D
U24T,46,25,BLK 333/334 BUKIT BATOK WEST AVENUE 4
HG97,43,25,BLK 804 HOUGANG AVENUE 10
EC7,127,25,BLK 842-848 SIMS AVENUE
U63,83,25,BLK 377A BUKIT BATOK STREET 31
SE5L,59,25,BLK 150 SERANGOON NORTH AVENUE 2
M35,91,26,BLK 41 TO 42 CIRCUIT ROAD
A81,118,26,BLK 170/172 ANG MO KIO STREET 13
HG51,204,26,BLK 546-555 HOUGANG STREET 51
BR14,78,26,BLK 20 JALAN TENTERAM
STM3,55,26,BLK 168-171 STIRLING ROAD
SG4,146,26,BLK 9/11 SAINT GEORGE ROAD
CK6,40,26,"BLK 143
BM1,60,27,BLK 28 JALAN BUKIT MERAH
KTM,42,27,BLK 125A KIM TIAN ROAD
TE1,60,27,BLK 115-117 JALAN BUKIT MERAH
B73,50,27,BLK 651A JALAN TENAGA
MP14,60,27,BLK 81/82 MARINE PARADE ROAD
Q67,40,27,BLK 116-118 COMMONWEALTH CRESCENT
GM3,56,27,BLK 19/20 GHIM MOH ROAD
BM28,40,28,"BLK 117
CC6,41,28,BLK 25-27 CHAI CHEE ROAD
BJ31,88,28,BLK 513A JELAPANG ROAD
CKT1,104,28,BLK BETWEEN 404 & 426 CHOA CHU KANG AVENUE 1/4
K19,96,28,BLK 62 DAKOTA CRESCENT
WDB1,75,29,BLK 104 WHAMPOA DRIVE
KB17,50,29,BLK 23 BENDEMEER ROAD
A85,93,29,BLK 340 ANG MO KIO STREET 32
JB4,37,29,"BLK 1
GE5,43,29,BLK 129-134 GEYLANG EAST AVENUE 1/2
PM9,220,29,BLK 216A PASIR RIS STREET 21
CK18,98,29,BLK 130/132 CHOA CHU KANG AVENUE 1
J74M,72,29,BLK 712B JURONG WEST ST 71 JURONG WEST STREET 71
Y33,101,30,BLK 602-605 YISHUN STREET 61
KE4,133,30,BLK 136/140 BEDOK RESERVOIR ROAD
J10,175,31,BLK 246/249 JURONG EAST STREET 24
TP12,82,31,BLK 71/72 LORONG 5 TOA PAYOH
Q88,73,31,BLK 19A QUEEN'S CLOSE
TB8,44,31,BLK 30/31 TELOK BLANGAH RISE
BR9,50,31,BLK 69 MOULMEIN ROAD
C29A,102,31,BLK 503 WEST COAST DRIVE
BRM4,176,32,BLK 85A WHAMPOA DRIVE
BE36,82,32,BLK 278-281 BISHAN STREET 24
BM4,150,32,BLK 35A JALAN RUMAH TINGGI
RC1,164,32,BLK 101/102 JALAN RAJAH
A64,125,32,BLK 584/586 ANG MO KIO STREET 51
BJ26,192,32,BLK 449A BUKIT PANJANG RING ROAD
CK66,164,32,BLK 573A CHOA CHU KANG STREET 52
J4,172,33,BLK 201/206 JURONG EAST STREET 21
A66,149,33,BLK 601/604/603 ANG MO KIO AVENUE 5
C4M,47,33,BLK 413A COMMONWEALTH AVENUE WEST
J63,150,33,BLK 909/911 JURONG WEST STREET 91
TBM4,67,33,BLK 88A TELOK BLANGAH HEIGHTS
M32,106,33,BLK 120 TO 124 PAYA LEBAR WAY
YHS,64,33,BLK 11/12/13 YORK HILL CAR PARK
CK15,246,33,BLK 288/295 CHOA CHU KANG AVENUE 2/3
A15,59,34,BLK 226E-226H ANG MO KIO STREET 22
STAM,58,34,BLK 56A STRATHMORE AVENUE
TB9,45,34,BLK 32/35 TELOK BLANGAH RISE
SD5,64,34,BLK 53 SIMS PLACE
K2,43,34,"BLK 9
BM14,94,34,BLK 34-36 JALAN RUMAH TINGGI
MR5,105,34,"BLK 804/805
TP15,85,34,BLK 53 TO 55 LORONG 5 TOA PAYOH
PL19,291,34,"BLK 186-188
TB23,38,34,DEPOT ROAD LORRY PARK
W105,126,34,BLK 689 WOODLANDS DRIVE 75
B91,46,34,BLK 630 BEDOK RESERVOIR ROAD
TBMT,150,35,BLK 80 TELOK BLANGAH STREET 31
B45,67,35,BLK 537/539 BEDOK NORTH STREET 3
FR4M,88,35,BLK 6A FARRER ROAD
A50,206,35,BLK 548/552/556 ANG MO KIO STREET 54
MP1,159,35,BLK 1 TO 4 MARINE TERRACE
GM2,65,35,BLK 7/8/9 GHIM MOH ROAD
HE9,89,35,BLK 118/119 BUKIT MERAH VIEW
W13,272,36,BLK 201/206 MARSILING DRIVE
BM20,60,36,BLK 89/90 REDHILL CLOSE
HR5,91,36,BLK 21 TO 23 HAIG ROAD
C31,145,36,BLK 510/511 WEST COAST ROAD
JSA1,63,36,BLK 499 JURONG WEST STREET 41
A100,64,36,BLK 650 ANG MO KIO STREET 61
J46,63,37,BLK 501/504 JURONG WEST STREET 51
KB14,58,37,BLK 66/71 KALLANG BAHRU
B8,113,37,BLK 201/203 BEDOK NORTH STREET 1
MP6,76,37,BLK 50/50A/53 MARINE TERRACE
T25,170,37,BLK 245/248 TAMPINES STREET 21
T58,99,37,BLK 872A TAMPINES STREET 86
J40,206,38,BLK 462-467 JURONG WEST STREET 41
W39,210,38,BLK 830-836 WOODLANDS STREET 83
W4,75,38,BLK 6/7 MARSILING DRIVE
MP1,44,38,BLK 1 TO 4 MARINE TERRACE
HE4,124,38,BLK 121/122 & 127 BUKIT MERAH VIEW
HG96,39,38,BLK 108 HOUGANG AVENUE 1
PR7,218,38,BLK 446/455 PASIR RIS DRIVE 6
TP63,114,38,BLK 202 TO 204 TOA PAYOH NORTH
T16,109,39,BLK 202/205 TAMPINES STREET 21
TG6,176,39,"BLK 32
BH2,47,39,BLK 2 BALESTIER ROAD
A68,158,39,BLK 620/624/626 ANG MO KIO STREET 61
SM1,89,39,BLK 22 SIN MING ROAD
TP34,187,39,BLK 49 TO 52 LORONG 5 TOA PAYOH
W11,303,39,BLK 22/27 MARSILING DRIVE
C34,147,39,BLK 702/703 WEST COAST ROAD
P11,49,39,BLK 416 PANDAN GARDENS
DRM4,104,39,BLK 105 DEPOT ROAD
BM30,40,40,BLK 164/165 BUKIT MERAH CENTRAL
BTM,124,40,BLK 2B BOON TIONG ROAD
BTM2,67,40,BLK 8C BOON TIONG ROAD
TBM2,72,40,BLK 73A TELOK BLANGAH STREET 32
B42,123,40,BLK 509/511 BEDOK NORTH STREET 3
SPM,51,40,BLK 108 SPOTTISWOODE PARK MSCP
SK61,101,40,BLK 406 FERNVALE ROAD
SK32,100,40,BLK 200 SENGKANG EAST ROAD
H14,53,40,BLK 96 HAVELOCK ROAD MSCP
TB4A,46,40,BLK 18 & 19 TELOK BLANGAH CRESCENT
U48,93,41,BLK 350 BUKIT BATOK STREET 32
C25,154,41,BLK 101-104 CLEMENTI STREET 14
SG3,143,41,BLK 20/23 SAINT GEORGE ROAD
HE19,93,41,#NAME?
J14,192,41,BLK 256/258 JURONG EAST STREET 24
TPM7,200,42,BLK 120A LORONG 2 TOA PAYOH
Q8,149,42,BLK 19/23A/23B QUEENS CLOSE
SG2,103,43,BLK 14/19 SAINT GEORGE RD
MP2,76,43,BLK 5 TO 8 MARINE TERRACE
STM1,148,43,BLK 169A STIRLING ROAD
YHS,55,43,BLK 11/12/13 YORK HILL CAR PARK
SK65,81,43,BLK 267 COMPASSVALE LINK
SD11,82,43,BLK 63 SIMS PLACE
PP6,111,43,BLK 146 POTONG PASIR AVENUE 2
PDR7,169,43,BLK 734 PASIR RIS ST 72
T18,81,44,BLK 201E TAMPINES STREET 21
TM26,124,44,BLK 497K TAMPINES STREET 45
C24,450,44,BLK 110/118 CLEMENTI STREET 13
L1,178,44,BLK 415-420 LORONG LEW LIAN
EC4,119,44,BLK 1-3/1A EUNOS CRESCENT
Q96,53,44,BLK 181-184 STIRLING ROAD
B54,170,44,BLK 630/632 BEDOK RESERVOIR ROAD
SD1,159,44,BLK 40-44 SIMS DRIVE
BJ20,235,44,BLK 420-426 FAJAR ROAD
KB7,65,45,BLK 69 GEYLANG BAHRU
BE12,459,45,BLK 187-197 BISHAN STREET 13
BH1,57,45,BLK 1 THOMSON ROAD
C14M,66,45,BLK 318A CLEMENTI AVENUE 4
W44,245,45,BLK 413A WOODLANDS STREET 41
SK14,81,45,BLK 142A RIVERVALE DRIVE
CC12,131,45,BLK 11 CHAI CHEE ROAD
MR6,105,45,BLK 8 FRENCH ROAD
MR7,105,45,BLK 801/802 FRENCH ROAD
BJMP,60,45,BLK 259B BANGKIT ROAD
SK64,57,45,BLK 269 COMPASSVALE LINK
HG34,360,45,BLK 622-632 HOUGANG AVENUE 8
T51,346,46,BLK 894-896 TAMPINES STREET 81
ACB,93,46,BLK 270/271 ALBERT CENTRE BASEMENT CAR PARK
TP36,250,46,BLK 43 TO 48 LORONG 5/6 TOA PAYOH
SK70,162,46,BLK 273 COMPASSVALE LINK
A44,155,46,BLK 459/456 ANG MO KIO STREET 44
A13,154,46,BLK 232/233 ANG MO KIO STREET 22
K52,102,46,BLK 52 CASSIA CRESCENT
B33,129,47,BLK 131/133 BEDOK NORTH AVENUE 3
W10,116,47,BLK 4/5 MARSILING ROAD
GE2,62,47,BLK 120 TO 123 GEYLANG EAST CENTRAL
J15,205,47,BLK 259/264 JURONG EAST STREET 24
Q65,103,47,BLK 115A COMMONWEALTH DRIVE
CCKC,53,47,BLK 309 CHOA CHU KANG AVENUE 4
B7A,129,48,BLK 216/218 BEDOK NORTH STREET 1
U32,128,48,BLKS 512-514 BUKIT BATOK STREET 52
ACM,89,48,BLK 98A ALJUNIED CRESCENT
Q8,74,48,BLK 19/23A/23B QUEENS CLOSE
C18,124,48,BLK 426/428 CLEMENTI AVENUE 3
W11M,310,48,BLK 29A MARSILING DR
HG35,315,48,"BLK 701-702
DRM5,84,48,BLOCK 110 DEPOT ROAD
U6,95,49,BLK 150/158 BUKIT BATOK STREET 11
U5,101,49,BLK 144/149 BUKIT BATOK WEST AVENUE 6
A39,200,49,BLK 401/405 ANG MO KIO AVENUE 10
SK87,113,49,BLK 448 SENGKANG WEST WAY
A65,97,49,BLK 558/560 ANG MO KIO STREET 54
H12,113,49,BLK 1/5 DELTA AVENUE
B48B,73,49,BLK 547C BEDOK NORTH AVENUE 1
TG1,133,50,BLK 24 & 25 TEBAN GARDENS
PP1,257,50,BLK 101 TO 109 POTONG PASIR AVENUE 1
SK48,50,50,BLK 321 ANCHORVALE DRIVE
BM28,50,50,"BLK 117
BM30,50,50,BLK 164/165 BUKIT MERAH CENTRAL
BTM,124,50,BLK 2B BOON TIONG ROAD
BTM2,50,50,BLK 8C BOON TIONG ROAD
SAM2,50,50,BLK 61 STRATHMORE AVENUE
TBM2,50,50,BLK 73A TELOK BLANGAH STREET 32
BJ36,140,50,BLK 525A JELAPANG ROAD
BMVM,50,50,BLK 126A BUKIT MERAH VIEW
SPM,50,50,BLK 108 SPOTTISWOODE PARK MSCP
AR5M,1,50,BLK 19A DOVER CRESCENT
AR9,1,50,BLK 20/22/23 DOVER CRESCENT
C21M,1,50,BLK 455A CLEMENTI AVENUE 3
C13M,50,50,BLK 309A CLEMENTI AVENUE 4
C12,50,50,"BLK 301-302
C14M,50,50,BLK 318A CLEMENTI AVENUE 4
C10,50,50,"BLK 339
TBM3,50,50,BLK 78A TELOK BLANGAH STREET 32
TBM4,50,50,BLK 88A TELOK BLANGAH HEIGHTS
SK61,10,50,BLK 406 FERNVALE ROAD
SK25,50,50,BLK 257 COMPASSVALE ROAD
SK32,50,50,BLK 200 SENGKANG EAST ROAD
JB4,50,50,"BLK 1
K2T,50,50,BLK 21 JALAN EMPAT
GE2,50,50,BLK 120 TO 123 GEYLANG EAST CENTRAL
GE3,50,50,BLK 124 TO 128 GEYLANG EAST AVENUE 1
GE5,50,50,BLK 129-134 GEYLANG EAST AVENUE 1/2
JB1,50,50,"BLK 3-5
JB2,50,50,BLK 10-11 JALAN BATU
LT3,244,50,BLK 101-109 LENGKONG TIGA
M1,50,50,BLK 85 TO 94/92A PIPIT ROAD
BM19,50,50,BLK 88/89 REDHILL CLOSE
BM20,50,50,BLK 89/90 REDHILL CLOSE
BVM2,50,50,BLK 129A BUKIT MERAH VIEW
CM1,50,50,BLK 10 CANTONMENT CLOSE
H12,50,50,BLK 1/5 DELTA AVENUE
H14,50,50,BLK 96 HAVELOCK ROAD MSCP
HCM,50,50,BLK 104A HENDERSON CRESCENT
HE1,10,50,BLK 102/103/104 HENDERSON CRESCENT
HE19,50,50,#NAME?
HE4,50,50,BLK 121/122 & 127 BUKIT MERAH VIEW
KTM,50,50,BLK 125A KIM TIAN ROAD
KTM2,50,50,BLK 120B KIM TIAN PLACE
KTM4,50,50,BLK 119A KIM TIAN ROAD
LBM,50,50,BLK 64 LENGKOK BAHRU
RHM2,50,50,BLK 70A REDHILL CLOSE
RHM3,50,50,BLK 73 REDHILL ROAD
HG17,225,50,BLK 231/233/235/237 HOUGANG STREET 21
Q86,50,50,BLK 148A MEI LING STREET
Q19,50,50,BLK 151 MEI LING STREET
SPS,50,50,BLK 101/102 SPOTTISWOODE PARK CAR PARK
TB10,50,50,BLK 38/40 TELOK BLANGAH RISE
TB28,50,50,BLK 45 TELOK BLANGAH DRIVE
TB8,50,50,BLK 30/31 TELOK BLANGAH RISE
TBCM,1,50,BLK 16A TELOK BLANGAH CRESCENT
DUXM,50,50,BLK 1 CANTONMENT ROAD
SK5,50,50,BLK 124D RIVERVALE DRIVE
SK89,50,50,BLK 326 ANCHORVALE ROAD
SK90,50,50,BLK 332 ANCHORVALE LINK
C11,134,50,"BLK 321-322
SK46,50,50,BLK 312 ANCHORVALE LANE
DWSV,10,50,BLK 85 DAWSON ROAD
CAM,10,50,BLK 88 TANGLIN HALT ROAD
DWST,100,50,BLK 89A DAWSON ROAD
SMM,10,50,BLK 53A STRATHMORE AVENUE
DWSO,50,50,BLK 40 & 41 MARGARET DRIVE
DSR2,100,50,BLK 37A MARGARET DRIVE
J35,165,50,BLK 508/511 JURONG WEST STREET 51/52
TRM,50,50,BLK 14A KAMPONG ARANG ROAD
DWSP,50,50,BLK 95A DAWSON ROAD
RCM,151,51,BLK 638 VEERASAMY ROAD
B53,197,51,BLK 625/629 BEDOK RESERVOIR ROAD
M33,125,51,BLK 125 TO 126 ALJUNIED ROAD
W108,76,51,BLK 302A WOODLANDS STREET 31
A59,172,51,BLK 547/551 ANG MO KIO STREET 54
BM3,100,52,BLK 49/50 HOY FATT ROAD
LT1,72,52,"BLK 110
JRTM,90,52,BLK 37A JALAN RUMAH TINGGI
TBCM,135,52,BLK 16A TELOK BLANGAH CRESCENT
CK45,220,53,BLK 771A CHOA CHU KANG STREET 54
BL3,196,53,BLK 174/179 BOON LAY DRIVE
H3,53,53,BLK 87 ZION ROAD
SK81,200,53,BLK 446 JALAN KAYU
B86,160,53,BLK 114A BEDOK NORTH STREET 2
TB19,100,53,BLK 75/76 TELOK BLANGAH DRIVE
HG23,282,53,BLK 239-246 HOUGANG STREET 22
TP17,119,54,BLK 177 TO 179 TOA PAYOH TOWN CENTRE
JB1,80,54,"BLK 3-5
TB8,85,54,BLK 30/31 TELOK BLANGAH RISE
KEM1,200,54,BLK 671 KLANG LANE
SI9,179,54,BLK 141/147 SIMEI STREET 2
BJ21,183,54,BLK 427-435 BUKIT PANJANG RING ROAD
JBM2,144,55,BLK 113A JALAN BUKIT MERAH
W7,128,55,BLK 17/21 MARSILING LANE
P15,90,55,BLK 413 PANDAN GARDENS
DWSP,131,55,BLK 95A DAWSON ROAD
SE33,302,56,BLK 537/542 SERANGOON NORTH AVENUE 4
TBM3,94,56,BLK 78A TELOK BLANGAH STREET 32
SK26,56,56,BLK 259 COMPASSVALE ROAD
J16,212,56,BLK 301/304 JURONG EAST STREET 32
Y16,173,56,BLK 238/242 YISHUN RING ROAD
HR2,167,56,BLK 4-6 HAIG ROAD
P17,135,56,BLK 409/411 PANDAN GARDENS
Y24,181,57,BLK 795-799 YISHUN RING ROAD
B32,124,57,BLK 130/132 BEDOK NORTH STREET 2
MP17,87,57,BLK 51 MARINE TERRACE
TP3A,200,57,BLK 3A LORONG 7 TOA PAYOH
SK94,104,57,BLK 329 ANCHORVALE STREET
CK14,371,57,BLK 278/287 CHOA CHU KANG AVENUE 2/3
B44B,102,57,BLKS 556/557 BEDOK NORTH STREET 3
CK25,161,58,BLK 352-355 CHOA CHU KANG CENTRAL
UBK2,287,58,BLK 11/15/18 UPPER BOON KENG
SDM2,135,58,BLK 50A SIMS DRIVE
J9,189,58,BLK 241/245 JURONG EAST STREET 24
EI3,265,58,BLK 410 TO 417 EUNOS ROAD 5
GM6A,167,58,BLK 13A GHIM MOH ROAD
HE12,105,59,BLK 78/81 REDHILL LANE
TM36,225,59,BLK 515 TAMPINES CENTRAL 7
J34,123,59,BLK 513/514 JURONG WEST STREET 52
M16,124,59,BLK 37 CIRCUIT ROAD
SK40,81,59,BLK 306 ANCHORVALE LINK
TBMT,70,59,BLK 80 TELOK BLANGAH STREET 31
SK9,71,59,BLK 146A RIVERVALE CRESCENT
SIM6,251,59,BLK 168 SIMEI LANE
KJ2,104,59,BLK 49/50 DORSET ROAD
GM2A,146,59,BLK 8A GHIM MOH ROAD
BJ35,140,60,BLK 521A JELAPANG ROAD
PL45,354,60,BLK 169 PUNGGOL FIELD
SPS,98,60,BLK 101/102 SPOTTISWOODE PARK CAR PARK
TB6,133,60,BLK 27/33 TELOK BLANGAH WAY
B46,70,60,BLK 537 BEDOK NORTH STREET 3
A74,185,60,BLK 646/649 ANG MO KIO STREET 61
Y25M,114,60,813 YISHUN RING ROAD
P16,150,60,BLK 412/414 PANDAN GARDENS
B14,208,61,BLK 412/413 BEDOK NORTH AVENUE 2
BR5,152,61,BLK 74/75 WHAMPOA DRIVE
LBM,169,61,BLK 64 LENGKOK BAHRU
MLM1,200,61,BLK 161A MEI LING STREET
DUXM,213,61,BLK 1 CANTONMENT ROAD
SK85,91,61,BLK 430 FERNVALE LINK
HG46,242,61,BLK 692-698 HOUGANG STREET 61
Y1,134,61,BLK 101/102 YISHUN AVENUE 5
TW4,266,61,BLK 1/7 TECK WHYE AVENUE
TRM,77,61,BLK 14A KAMPONG ARANG ROAD
PR1,301,62,BLK 101/108 PASIR RIS STREET 12
KM3,85,62,BLK 11A PINE CLOSE
H8,82,62,BLKS 4-8 TAMAN HO SWEE
HG53,201,62,BLK 830A HOUGANG CENTRAL
J33,129,63,BLK 518/520 JURONG WEST STREET 52
Q67,81,63,BLK 116-118 COMMONWEALTH CRESCENT
T7,110,63,BLK 136/138 TAMPINES STREET 11
BJ72,200,63,BLK 638 SENJA CLOSE
U45,159,64,BLK 285A BUKIT BATOK EAST AVENUE 3
C24,79,64,BLK 110/118 CLEMENTI STREET 13
J11,129,64,BLK 250/251 JURONG EAST STREET 24
MP7,212,64,BLK 54/55/56/58/59 MARINE TERRACE
BVM2,112,64,BLK 129A BUKIT MERAH VIEW
SK95,118,64,BLK 334 ANCHORVALE CRESCENT
KB3,149,65,BLK 64/65/67 KALLANG BAHRU
SK50,89,65,BLK 323 SENGKANG EAST WAY
A9,146,65,BLK 202/203 ANG MO KIO STREET 22
BE33,269,65,BLK 238-245 BISHAN STREET 22
BR8,127,65,BLK 76/77 LORONG LIMAU
A98,108,66,BLK 259 ANG MO KIO AVENUE 2
RHM4,282,66,BLK 74 REDHILL ROAD
TPM2,211,66,BLK 101C LORONG 2 TOA PAYOH
MLM1,100,66,BLK 161A MEI LING STREET
SB32,143,66,BLK 591 MONTREAL LINK
T11,250,66,BLK 149/151 TAMPINES STREET 12
U3,159,67,BLK 133/139 BUKIT BATOK WEST AVENUE 6
U71,89,67,BLK 113C BUKIT BATOK WEST AVENUE 6
SI8,115,67,BLK 138 SIMEI STREET 1
T27,136,67,BLK 251/253 TAMPINES STREET 21
B26,225,67,BLK 98/100 BEDOK NORTH AVENUE 4
B27,268,67,BLK 101/106 BEDOK NORTH AVENUE 4
PM46,237,67,BLK 782A PASIR RIS STREET 71
PDP4,167,67,BLK 446A FAJAR ROAD
MP12,220,68,BLK 72 TO 76 MARINE DRIVE
SK71,233,68,BLK 277 COMPASSVALE LINK
SK72,200,68,BLK 272 SENGKANG CENTRAL
PL40,243,68,BLK 270 PUNGGOL FIELD
J12,243,68,BLK 252/254 JURONG EAST STREET 24
A31,310,68,BLK 119/128 ANG MO KIO STREET 12
CC9,117,68,BLK 41/42 CHAI CHEE STREET
H4,102,68,BLK 22 HAVELOCK ROAD
SK46,68,68,BLK 312 ANCHORVALE LANE
W717,114,68,BLK 717C WOODLANDS DRIVE 70
BJ34,140,69,BLK 517A JELAPANG ROAD
CK12,218,69,BLK 409/413 CHOA CHU KANG AVENUE 3
K2T,73,69,BLK 21 JALAN EMPAT
TP43,114,69,BLK 19 TO 23 LORONG 7 TOA PAYOH
W41,251,69,BLK 851-856 WOODLANDS STREET 83
C19M,84,69,BLK 445 CLEMENTI AVENUE 3
Q81,96,70,BLK 43 HOLLAND DRIVE
J27,291,70,BLK 521/524 JURONG WEST STREET 52
Y39,224,70,"BLK 662/666
SK30,90,70,BLK 260 SENGKANG EAST WAY
RC2,186,70,BLK 103/104 JALAN RAJAH
AM16,115,71,BLK 256A ANG MO KIO STREET 21
A82,201,71,BLK 173/176 ANG MO KIO AVENUE 4
PL31,222,71,BLK 301 PUNGGOL CENTRAL
TPMK,173,71,BLK 194A KIM KEAT AVENUE
Q85,148,71,NORTH BUONA VISTA ROAD
TM19,100,71,BLK 364A TAMPINES STREET 34
U10,214,72,BLK 178/184 BUKIT BATOK WEST AVENUE 8
KTM,247,72,BLK 125A KIM TIAN ROAD
HG69,187,72,BLK 850A HOUGANG CENTRAL
A87,124,72,BLK 462/463 ANG MO KIO STREET 44
BJ13,352,72,BLK 270-277 BANGKIT ROAD
KE2,209,72,BLK 122/126 BEDOK RESERVOIR ROAD
KB1,239,73,BLK 61-62/68 GEYLANG BAHRU ROAD
AM80,191,73,BLK 130A ANG MO KIO STREET 12
UBK5,143,73,BLK 38/39 UPPER BOON KENG
MP3M,136,73,BLK 12A MARINE TERRACE
A49,179,73,BLK 555/559 ANG MO KIO STREET 54
HG18,242,73,BLK 230/232/234/236/238 HOUGANG AVENUE 1
MN1,257,74,BLKS 108/112 MCNAIR ROAD
CR7,183,74,BLK 464/463 CRAWFORD LANE
W19,322,74,BLK 134-143 MARSILING ROAD
GE5,253,74,BLK 129-134 GEYLANG EAST AVENUE 1/2
PL16,153,74,BLK 180 EDGEFIELD PLAINS
TM49,197,74,BLK 494F TAMPINES STREET 43
SK48,103,75,BLK 321 ANCHORVALE DRIVE
B90,75,75,BLK 35A BEDOK SOUTH AVENUE 2
UA3,245,75,BLK 10/11/19 TO 21 JOO SENG ROAD
C21M,97,75,BLK 455A CLEMENTI AVENUE 3
C13M,110,75,BLK 309A CLEMENTI AVENUE 4
RHM2,95,75,BLK 70A REDHILL CLOSE
Y36,287,75,BLK 642/643 YISHUN STREET 61
J17,162,75,BLK 305/306 JURONG EAST STREET 32
B35,197,76,BLK 137/140 BEDOK NORTH AVENUE 3
J18,171,76,BLK 307/308 JURONG EAST STREET 32
T75,231,76,BLK 429/432 TAMPINES STREET 41
A42,146,76,BLK 461/465 ANG MO KIO STREET 44
HG15,123,76,BLK 208-210 HOUGANG STREET 21
HG36,220,76,"BLK 703-706
SB41,464,76,BLK 361 SEMBAWANG CRESCENT
SE34,270,77,BLK 531/536 SERANGOON NORTH AVENUE 4
PM40,267,77,BLK 744A PASIR RIS STREET 71
KM2,177,77,BLK 93A JALAN DUA
HG99,162,77,BLK 174A-174D HOUGANG AVENUE 1
SE18,279,77,BLK 330/335 SERANGOON AVENUE 3
B49,183,77,BLK 549/551 BEDOK NORTH AVENUE 1
SE14,187,78,BLK 231/237 SERANGOON AVENUE 3
SE39,198,78,BLK 542A SERANGOON NORTH AVENUE 4
J83M,172,78,BLK 865A JURONG WEST STREET 81
GE2,194,78,BLK 120 TO 123 GEYLANG EAST CENTRAL
HG1D,175,78,BLK 376 HOUGANG STREET 32
BE45,363,79,BLK 275 BISHAN STREET 24
U9,400,79,BLK 169/177 BUKIT BATOK WEST AVENUE 8
SK68,233,79,BLK 275 COMPASSVALE LINK
SE25,239,79,BLK 401/408 SERANGOON CENTRAL/AVENUE 1
SK79,253,79,BLK 212 COMPASSVALE DRIVE
BE3,306,79,BLK 401-408 SIN MING AVENUE
WCB,143,80,BLK 261/262/264 WATERLOO BASEMENT CAR PARK
J39,250,80,BLK 456-461 JURONG WEST STREET 41
M1,129,80,BLK 85 TO 94/92A PIPIT ROAD
HG32,270,80,BLK 601-608 HOUGANG AVENUE 4
T31,205,80,BLK 268-270 TAMPINES STREET 21
Q66,102,80,BLK 117 COMMONWEALTH DRIVE
TM37,244,81,BLK 518 TAMPINES CENTRAL 7
J32,199,81,BLK 515/517 JURONG WEST STREET 52
MN2,303,81,BLKS 119/124 MCNAIR ROAD
SK49,120,81,BLK 319 ANCHORVALE DRIVE
SK78,264,81,BLK 443 FERNVALE ROAD
J85M,230,81,BLK 859A JURONG WEST STREET 81
SM3,149,81,BLK 25 SIN MING ROAD
B94A,186,81,"BLK 512 TO 518
GM5,118,81,BLK 21 GHIM MOH ROAD
HG1,164,81,"BLK 1
J43,190,82,BLK 474-477 JURONG WEST STREET 41
Q89,435,82,BLK 7B COMMONWEALTH AVENUE
KB12,181,82,BLK 22/24 SERANGOON ROAD
BE32,200,82,BLK 237A BISHAN STREET 22
CDM,128,82,BLK 54 COMMONWEALTH DRIVE
H17,229,82,BLK 28A BEO CRESCENT
S102,118,82,BLK 164 RIVERVALE CRESCENT
KJ1,170,82,BLK 9/10 GLOUCESTER ROAD
P13,164,82,BLK 401/402 PANDAN GARDENS
KRM,173,82,BLK 115 JALAN AYER
SB47,182,82,BLK 109 CANBERRA WALK
TJ42,126,82,BLK 150 CORPORATION DRIVE
TG2,273,83,BLK 49 TO 54 TEBAN GARDENS
T41,202,83,BLK 821/829 TAMPINES STREET 81
SE35,300,83,BLK 500/506B SERANGOON NORTH AVENUE 4
C12,120,83,"BLK 301-302
TJ27,223,83,BLK 151/154 YUNG HO ROAD
HG5,149,83,BLK 24/25 HOUGANG AVENUE 3
SK89,112,83,BLK 326 ANCHORVALE ROAD
J37,269,84,BLK 537/542 JURONG WEST AVENUE 1
U30,143,84,BLK 523-525 BUKIT BATOK STREET 52
BJ65,224,84,BLK 632 SENJA ROAD
Q84,124,84,BLK 2/4/6/31/32 HOLLAND CLOSE
JB4,147,84,"BLK 1
HG55,88,84,BLK 814 HOUGANG AVENUE 10
SK47,84,84,BLK 310 ANCHORVALE ROAD
TM48,210,84,BLK 890 TAMPINES AVENUE 1
DWSV,527,84,BLK 85 DAWSON ROAD
J55,141,85,BLK 497-498 JURONG WEST STREET 41
SK31,129,85,BLK 195A RIVERVALE DRIVE
GE1C,128,85,BLK 119 ALJUNIED CRESCENT
SE11,198,86,BLK 151/154 SERANGOON NORTH AVENUE 1/2
A71,185,86,BLK 628/632 ANG MO KIO STREET 61
HG54,240,86,BLK 220-222 HOUGANG STREET 21
TPMD,143,86,BLK 161A LORONG 1 TOA PAYOH
PL50,192,86,BLK 211 PUNGGOL WALK
HE17,120,86,BLK 93/96 HENDERSON ROAD
CV1,208,86,BLK 1/1A TELOK PAKU ROAD
BJ24,258,86,BLK 436-441 FAJAR ROAD
Y78M,216,86,BLK 468 YISHUN STREET 43
TG3,208,87,BLK 30/31/46/48 TEBAN GARDENS
TPMG,116,87,BLK 128A LORONG 1 TOA PAYOH
U4,259,87,BLK 140/143 BUKIT BATOK STREET 11
SD3,102,87,BLK 46/47/48/49 SIMS PLACE
TP60,275,87,BLK 236 TO 240 TOA PAYOH LORONG 1
BR6,131,87,BLK 92 WHAMPOA DRIVE
CC1,87,87,BLK 1/2 CHAI CHEE STREET
HG9T,147,87,BLK 206 HOUGANG STREET 21
HG29,232,87,BLK 351-357 HOUGANG AVENUE 7
J44,200,87,BLK 478-483 JURONG WEST STREET 41
J86M,191,88,BLK 764A JURONG WEST STREET 74
TPMM,259,88,BLK 227A LORONG 8 TOA PAYOH
PM12,173,89,BLK 272A PASIR RIS STREET 21
SK41,113,89,BLK 305 ANCHORVALE LINK
TM23,242,89,BLK 354A TAMPINES STREET 33
KU3,337,89,BLK 331-341 UBI AVENUE 1
U24,364,90,BLK 324/336 BUKIT BATOK STREET 32/33
Q89,144,90,BLK 7B COMMONWEALTH AVENUE
C14M,212,90,BLK 318A CLEMENTI AVENUE 4
TP62,162,90,BLK 199 TO 201 TOA PAYOH NORTH
W43,323,90,BLK 406A WOODLANDS STREET 41
C38,265,90,BLK 715-717 CLEMENTI WEST STREET 2
HG13,150,90,BLK 325/326 HOUGANG AVENUE 7
HG24,325,90,BLK 247-254 HOUGANG AVENUE 3
T24,204,90,BLK 239/244 TAMPINES STREET 21
A70,134,91,BLK 629/626 ANG MO KIO AVENUE 4
STAM,274,91,BLK 56A STRATHMORE AVENUE
HG37,256,91,BLKS 501-507 HOUGANG AVENUE 8
C6,332,92,BLK 328-334 CLEMENTI AVENUE 2
BJ2,385,92,BLK 141-151 GANGSA ROAD/PETIR ROAD
Q88,218,92,BLK 19A QUEEN'S CLOSE
KJ4,182,92,BLK 51/54 KENT ROAD
CK1,331,92,BLK 101/108 TECK WHYE LANE
W14,328,93,BLK 210/218 MARSILING CRESCENT
RHM3,104,93,BLK 73 REDHILL ROAD
STM2,199,93,BLK 171A STIRLING ROAD
JM2,300,93,BLK 682 JURONG WEST CENTRAL 1
DSRL,100,93,BLK 38A MARGARET DRIVE
A12,194,94,BLK 229/230 ANG MO KIO STREET 22
CK55,356,94,BLK 631-637 & 636A CHOA CHU KANG NORTH 6
PL32,203,94,BLK 302 PUNGGOL PLACE
PP9T,131,94,BLK 145 POTONG PASIR AVENUE 2/3
J22,231,94,BLK 329/333 JURONG EAST AVENUE 1
B48,210,94,BLK 543/547 BEDOK NORTH STREET 3
P12,124,94,BLK 415 PANDAN GARDENS
J2,200,95,BLK 108/110 JURONG EAST STREET 13
SE24,167,95,BLK 265 SERANGOON AVENUE 3
A37,193,95,BLK 446/449/453 ANG MO KIO STREET 43
C5,361,95,"BLK 358-360
TB17,366,95,BLK 50/71 TELOK BLANGAH DRIVE
HR3,207,95,BLK 7 TO 9 HAIG ROAD
T73,275,95,BLK 418/424 TAMPINES STREET 41
CK33,235,96,BLK 502A CHOA CHU KANG STREET 51
KB11,209,96,BLK 34 WHAMPOA WEST
Y13,262,96,"BLK 201/202
KTM3,116,96,BLK 131A KIM TIAN ROAD
SG1,294,96,BLK 1/3/8 SAINT GEORGE ROAD
TM18,312,96,BLK 856A TAMPINES STREET 82
Y59M,248,96,BLK 429 YISHUN AVENUE 11
SK44,124,97,BLK 308 ANCHORVALE ROAD
TBM2,243,97,BLK 73A TELOK BLANGAH STREET 32
C9,125,97,BLK 340/342/343/346-348 CLEMENTI AVENUE  5
MM1,176,97,BLK 28A BALAM ROAD
Q84,260,98,BLK 2/4/6/31/32 HOLLAND CLOSE
Y18,247,98,BLK 258/264 YISHUN STREET 22
CAM,140,98,BLK 88 TANGLIN HALT ROAD
AM46,403,99,BLK 588 ANG MO KIO STREET 52
TWM6,224,99,BLK 588 ANG MO KIO STREET 52
BP2,317,99,BLK 110/115 BUKIT PURMEI ROAD
SK25,99,99,BLK 257 COMPASSVALE ROAD
LT1,260,99,"BLK 110
T4,301,99,BLK 124/127 TAMPINES STREET 11
T74,220,99,BLK 425/428 TAMPINES STREET 41
S116,227,99,BLK 402 FERNVALE LANE
BE3R,195,99,BLK 410A SIN MING AVENUE
BA9,100,99,BLK 410A SIN MING AVENUE
SE32,396,100,BLK 521/530 SERANGOON NORTH AVENUE 4
PM30,351,100,BLK 614A ELIAS ROAD
C5,100,100,"BLK 358-360
TB3,56,100,BLK 12/22 TELOK BLANGAH CRESCENT
TB3,100,100,BLK 12/22 TELOK BLANGAH CRESCENT
SK24,779,100,BLK 185 RIVERVALE CRESCENT
C29,189,100,BLK 501-505 WEST COAST DRIVE
BA1,278,100,BLK 106 BIDADARI PARK DRIVE
C20,176,101,BLK 449-451 CLEMENTI AVENUE 3
J74,367,101,BLK 711/718 JURONG WEST STREET 71
J50,427,101,BLK 401/408 JURONG WEST STREET 42
MP5,162,101,BLK 52/57 MARINE TERRACE
TP7,187,101,BLK 100/103-106 LORONG 1 TOA PAYOH
TP8,189,101,BLK 91-96/98/100 LORONG 3 TOA PAYOH
Q96,237,101,BLK 181-184 STIRLING ROAD
J53,215,102,BLK 417/422 JURONG WEST STREET 42
SK80,354,102,BLK 434 FERNVALE ROAD
CK3,282,102,BLK 118/124 TECK WHYE LANE
C9,316,102,BLK 340/342/343/346-348 CLEMENTI AVENUE  5
C13M,280,102,BLK 309A CLEMENTI AVENUE 4
Y27,286,102,BLK 821/830 YISHUN STREET 81
T78,266,102,BLK 444/450 TAMPINES STREET 42
TP27,257,103,BLK 125/126/131 LORONG 2 TOA PAYOH
CC5,104,103,BLK 27 CHAI CHEE ROAD
JCM,372,103,BLK 2 JOO CHIAT ROAD
FR2C,256,104,BLK 3/4 QUEEN'S ROAD
GM1A,180,104,BLK 2A GHIM MOH ROAD
HG2,229,104,BLK 15-18 HOUGANG AVENUE 3
J6,318,104,BLK 209/214 JURONG EAST STREET 21
J8M,139,104,BLK 240C JURONG EAST AVENUE 1
Q87,430,105,BLK 5A HOLLAND CLOSE
T76,322,105,BLK 433/443 TAMPINES STREET 43
T49A,164,105,BLK 882A TAMPINES STREET 83
PM28,305,106,BLK 586A PASIR RIS STREET 53
U18,312,106,BLK 254/265 BUKIT BATOK EAST AVENUE 4
A34,220,106,BLK 422/425 ANG MO KIO STREET 42
PM16,245,106,BLK 149A PASIR RIS STREET 13
MLM,141,106,BLK 157A MEI LING STREET
SE26,214,106,BLK 409/414 SERANGOON CENTRAL/AVENUE 1
B43,217,106,BLK 519/522 553 BEDOK NORTH AVENUE 1/2
T29,256,106,BLK 255/264 TAMPINES STREET 21
U46,241,107,BLK 297 - 299 BUKIT BATOK ST 22 BUKIT BATOK STREET 22
SB31,202,107,BLK 463 SEMBAWANG DRIVE
PM10,355,107,BLK 204A PASIR RIS STREET 21
PDW7,171,107,BLK 768 WOODLANDS AVE 6
BJ17,172,108,BLK 401A FAJAR ROAD
KB10,164,108,BLK 30 BENDEMEER ROAD
W5M,213,108,BLK 13A MARSILING LANE
BE6,170,108,BLK 135/138 BISHAN STREET 12
WGL,390,108,BLK 781 TO 783 WOODLANDS AVENUE 9/CRESCENT/RISE
DWSV,154,108,BLK 85 DAWSON ROAD
T12,250,108,BLK 156/160 TAMPINES STREET 12
J62,700,109,BLK 902/908 JURONG WEST STREET 91
W181,275,109,BLK 181 MARSILING ROAD
PM11,227,109,BLK 269A PASIR RIS STREET 21
J23,299,109,BLK 334/341 JURONG EAST AVENUE 1
T34,284,109,BLK 283/286 TAMPINES STREET 22
SK67,142,109,BLK 266 COMPASSVALE BOW
CK34,318,110,BLK 511A CHOA CHU KANG STREET 51
SK74,225,110,BLK 439 SENGKANG WEST AVENUE
U33,290,110,BLKS 535-542 BUKIT BATOK STREET 51/52
PL37,234,110,BLK 614 EDGEFIELD PLAINS
Y31,313,110,BLK 850/855 YISHUN STREET 81/RING ROAD
CC7,220,111,BLK 30/40 CHAI CHEE AVENUE
W52,285,111,BLK 823A WOODLANDS STREET 82
PM18,247,111,BLK 135A PASIR RIS STREET 11
Y62M,242,111,BLOCK 342 YISHUN RING ROAD
T47A,172,111,BLK 864B TAMPINES STREET 83
BJ10,310,112,BLK 234-241 BUKIT PANJANG RING ROAD
AR5M,128,112,BLK 19A DOVER CRESCENT
TP53,323,112,BLK 216 TO 221 LORONG 8 TOA PAYOH
T30,223,112,BLK 267/271 TAMPINES STREET 21
T3,277,112,BLK 109/114 TAMPINES STREET 11
HG98,304,112,BLK 988 BUANGKOK GREEN
B30,353,113,BLK 119/123 BEDOK NORTH STREET 2
W40,304,113,BLK 837-850 WOODLANDS STREET 82
A27,251,113,BLK 108/109/110 ANG MO KIO STREET 11
TM29,267,113,BLK 498C TAMPINES STREET 45
EC8,163,113,BLK 2A EUNOS MRT SIMS AVENUE
TP22,183,114,BLK 148 TO 150 LORONG 1 TOA PAYOH
MP2M,154,114,BLK 35A MARINE CRESCENT
A77,267,114,BLK 150/156 ANG MO KIO AVENUE 5
PDP5,140,114,BLK 524A JELAPANG ROAD
HG3D,267,114,BLK 998 BUANGKOK CRESCENT
SGTM,429,114,BLK 25A/26/26A/26B SAINT GEORGE'S LANE
T50,350,115,BLK 887-889 TAMPINES STREET 81/AVENUE 3
TW2,355,115,BLK 15-20 TECK WHYE LANE
GE3,147,115,BLK 124 TO 128 GEYLANG EAST AVENUE 1
TM28,289,115,BLK 498K TAMPINES STREET 45
TM54,265,115,BLK 875A TAMPINES STREET 86
SAM2,122,116,BLK 61 STRATHMORE AVENUE
U43,270,116,BLK 404A BUKIT BATOK WEST AVENUE 7
TP40,360,116,BLK 241-259/25-27 KIM KEAT LINK/AVENUE
SI10,266,116,BLK 148 - 154 SIMEI STREET 1
B83,212,116,BLK 21A CHAI CHEE ROAD
H6,212,116,BLK 77/79 GANGES AVENUE
TM10,287,116,BLK 331A TAMPINES STREET 32
SK73,208,117,BLK 270 SENGKANG CENTRAL
CK28,184,117,BLK 276A CHOA CHU KANG AVENUE 2
SK51,142,117,BLK 325 SENGKANG EAST WAY
U34,303,117,BLKS 501-511 BUKIT BATOK STREET 52
PM7,239,117,BLK 257A PASIR RIS STREET 21
PL25,283,117,BLK 172 EDGEDALE PLAINS
H14,220,117,BLK 96 HAVELOCK ROAD MSCP
Y5,230,117,BLK 144/149 YISHUN STREET 11
B8B,249,117,BLK 222 BEDOK NORTH DRIVE
PP5,346,118,BLK 113 TO 120 POTONG PASIR AVENUE 1
GM1A,414,118,BLK 2A GHIM MOH ROAD
MLM,277,118,BLK 157A MEI LING STREET
CVBK,444,118,BLK 8C BOON KENG ROAD
C30,211,118,BLK 507-509 WEST COAST DRIVE
DWST,120,118,BLK 89A DAWSON ROAD
PDC5,185,118,BLK 533A CHOA CHU KANG ST 51
DSR1,200,118,BLK 31A MARGARET DRIVE
Y35,402,118,BLK 632/641 YISHUN STREET 61
TR1,391,119,BLK 102/107 TOWNER ROAD
B52,300,119,BLK 617/624 BEDOK RESERVOIR ROAD
TPML,266,119,BLK 233A LORONG 8 TOA PAYOH
Q86,320,119,BLK 148A MEI LING STREET
BWM,220,120,BLK 2A JALAN BUKIT MERAH
AM22,289,120,BLK 316B ANG MO KIO STREET 31
Y28,297,120,BLK 832/841 YISHUN STREET 81
SK29,526,120,BLK 204 COMPASSVALE DRIVE
TPB1,200,120,BLK 18A LORONG 6 TOA PAYOH
CDM,343,120,BLK 54 COMMONWEALTH DRIVE
W25,450,120,BLK 307-320 WOODLANDS AVENUE 1
J5,192,120,BLK 207/208 JURONG EAST STREET 21
SB43,202,120,BLK 117 CANBERRA CRESCENT
TGM2,189,121,BLK 61 TEBAN GARDENS ROAD
BM9,612,121,BLK 58/59 LENGKOK BAHRU
BJ38,216,121,BLK 533A BUKIT PANJANG RING ROAD
PL51,321,121,BLK 213 PUNGGOL WALK
A2,197,121,BLK 206/207 ANG MO KIO STREET 22
B89,287,121,BLK 116A BEDOK NORTH ROAD
PDJ3,212,121,BLK 399 YUNG SHENG ROAD
CK13,326,122,BLK 414-420 CHOA CHU KANG AVENUE 4
AM81,222,122,BLK 132A ANG MO KIO STREET 12
TE13,143,122,BLK 78/80 MOH GUAN TERRACE/CHAY YAN STREET
W45,324,123,BLK 421A WOODLANDS STREET 41
SK29,135,123,BLK 204 COMPASSVALE DRIVE
SE51,280,123,BLK 257A SERANGOON CENTRAL DRIVE
PDQ5,135,123,BLK 57 DAWSON RD
U21,313,124,BLK 301/309 BUKIT BATOK STREET 31
SK69,264,124,BLK 437 FERNVALE ROAD
SI12,168,124,BLK 163/165 SIMEI ROAD
W68,300,124,BLK 718A WOODLANDS AVENUE 6
CK9A,372,124,BLK 228-239 CHOA CHU KANG CENTRAL
PP2,192,125,BLK 143 TO 145 POTONG PASIR AVENUE 2/3
BTM,284,125,BLK 2B BOON TIONG ROAD
JM31,180,125,BLK 638A JURONG WEST STREET 61
P2,293,125,BLK 199 PUNGGOL FIELD
SI11,208,125,BLK 155/162 SIMEI ROAD
AR1M,196,125,BLK 2A DOVER ROAD
T44,229,125,BLK 830/840 TAMPINES STREET 82
J54,226,126,BLK 492-496 JURONG WEST STREET 41
BJ18,324,126,BLK 401-408 FAJAR ROAD
TE25,298,126,BLK 17/31/141/150 KAMPONG BAHRU ROAD
B71,249,126,BLK 29C CHAI CHEE AVENUE
W54,267,126,BLK 824A WOODLANDS STREET 81
AM18,451,126,BLK 308C ANG MO KIO AVENUE 1
UA5,337,126,BLK 12 TO 18 JOO SENG ROAD
TM7,245,126,BLK 311A TAMPINES STREET 33
B9,213,127,BLK 402/403 BEDOK NORTH AVENUE 3
TPM4,343,127,BLK 81C LORONG 4 TOA PAYOH
TW3,338,127,BLK 8/11 TECK WHYE LANE
TM16,284,127,BLK 230A TAMPINES STREET 21
T28,228,127,BLK 257/260 TAMPINES STREET 21
J20,365,127,BLK 311/316 JURONG EAST STREET 32
BRB1,168,128,BLK 665 BUFFALO ROAD BASEMENT CAR PARK
RHM2,222,128,BLK 70A REDHILL CLOSE
J23M,249,128,BLK 372A JURONG EAST STREET 32
SE28,186,128,BLK 410A SERANGOON CENTRAL
Y6,366,128,BLK 150/161 YISHUN STREET 11
W8M,217,128,BLK 2A MARSILING DRIVE
SK77,412,129,BLK 410 FERNVALE ROAD
TB7,194,129,BLK 29/32 TELOK BLANGAH RISE
PM38,248,129,BLK 736A PASIR RIS DRIVE 10
CC10,228,129,BLK 43/45 CHAI CHEE STREET
U68,258,129,BLK 460 BUKIT BATOK WEST AVENUE 9
EPM,286,130,BLK 6A EVERTON ROAD
BJ25,264,130,BLK 453A FAJAR ROAD
A47,303,130,BLK 562/565/560 ANG MO KIO STREET 54
BJ68,253,130,BLK 422A FAJAR ROAD
BL10,239,131,BLK 188/191 BOON LAY DRIVE
AM51,282,131,BLK 700 ANG MO KIO AVENUE 6
B96,242,131,BLK 219 BEDOK CENTRAL
TM50,284,131,BLK 870B TAMPINES STREET 86
SB36,279,131,BLK 121 CANBERRA STREET
J41,350,132,BLK 468-473 JURONG WEST STREET 41
PL46,428,132,BLK 624 PUNGGOL CENTRAL
BBM2,285,132,BLK 628A BUKIT BATOK CENTRAL
MP3M,400,132,BLK 12A MARINE TERRACE
SK5,132,132,BLK 124D RIVERVALE DRIVE
BBB,193,132,BLK 231 BRAS BASAH BASEMENT CAR PARK
KB20,225,132,BLK 49A WHAMPOA SOUTH
Y51,483,132,"BLK 423/427
Y77M,423,132,BLK 461 YISHUN AVENUE 6
TRM,272,132,BLK 14A KAMPONG ARANG ROAD
HG68,248,133,BLK 838A HOUGANG CENTRAL
A94,234,133,BLK 104C ANG MO KIO STREET 11
W570,341,133,BLK 570 WOODLANDS AVENUE 1
C16,280,133,BLK 430-435 CLEMENTI AVENUE 3
T8,211,133,BLK 137/139 TAMPINES STREET 11
A7,238,133,BLK 212/213 ANG MO KIO STREET 23
CK48,287,134,BLK 604A CHOA CHU KANG STREET 62
J84M,285,134,BLK 854A JURONG WEST STREET 81
PM37,293,134,BLK 718A PASIR RIS STREET 72
SE17,436,134,BLK 321/329 SERANGOON AVENUE 3
TM20,234,134,BLK 366A TAMPINES STREET 34
BR11,268,134,BLKS 27-30 & 32-33 JALAN BAHAGIA
BJ19,491,134,BLK 409-419 FAJAR ROAD
CK38,344,135,BLK 541A CHOA CHU KANG STREET 52
Y48,485,135,BLK 386-399 YISHUN RING ROAD/AVENUE 6
W48,291,135,BLK 874A WOODLANDS STREET 81
W17,406,135,BLK 101-113 WOODLANDS STREET 13
CC4,387,135,"BLK 22/24
W887,286,135,BLK 887 WOODLANDS DRIVE 50
SK76,337,135,BLK 210 COMPASSVALE LANE
JM1,268,136,BLK 517B JURONG WEST STREET 52
C5,190,136,"BLK 358-360
SGLM,230,136,BLK 4A SAINT GEORGE'S LANE
Y34A,233,136,BLK 614-618 YISHUN STREET 61
BKE7,172,137,BLK 678 PERUMAL ROAD
CK42,453,137,BLK 754A CHOA CHU KANG NORTH 5
SE38,300,137,BLK 504A SERANGOON NORTH AVENUE 4
M1,312,137,BLK 85 TO 94/92A PIPIT ROAD
CK37,306,138,BLK 552A CHOA CHU KANG STREET 52
PM13,435,138,BLK 199A PASIR RIS STREET 12
A41,308,138,BLK 466/470 ANG MO KIO STREET 44
AM19,300,138,BLK 260 ANG MO KIO STREET 21
SK61,711,139,BLK 406 FERNVALE ROAD
W66,340,139,BLK 709A WOODLANDS DRIVE 70
J36,482,140,BLK 543/551 JURONG WEST STREET 42
PP3,345,140,BLK 134 TO 142 POTONG PASIR AVENUE 3
Y9,262,140,BLK 747/752 YISHUN STREET 72
C22M,188,140,BLK 109A CLEMENTI STREET 11
SK28,142,140,BLK 203 COMPASSVALE ROAD
TM45,277,140,BLK 869C TAMPINES AVENUE 8
BE34,303,140,BLK 246A BISHAN STREET 22
S104,339,140,BLK 215 COMPASSVALE DRIVE
KBM,239,141,BLK 65A KALLANG BAHRU
PM41,359,141,BLK 747A PASIR RIS STREET 71
W536,326,141,BLK 536A WOODLANDS DRIVE 14
BTM3,360,141,BLK 11A BOON TIONG ROAD
J29,467,141,BLK 528/534 JURONG WEST STREET 52
PM27,326,142,BLK 578A PASIR RIS STREET 53
BJ45,232,142,BLK 180A LOMPANG ROAD
B20,385,142,BLK 67/73 BEDOK SOUTH ROAD
AR7M,295,142,BLK 12A DOVER CLOSE EAST
Y45,311,142,BLK 343-346 YISHUN AVENUE 11
TWM4,200,142,BLK 165 TECK WHYE CRESCENT
CK31,290,143,BLK 251A CHOA CHU KANG AVENUE 2
CK23,232,143,BLK 430-437 CHOA CHU KANG AVENUE 4
MP2,616,143,BLK 5 TO 8 MARINE TERRACE
BE13,220,143,BLK 135A BISHAN STREET 12
AH1,278,143,BLK 101 JALAN DUSUN
TPME,172,143,BLK 93A LORONG 4 TOA PAYOH
PR13,365,144,"BLK 537-543
SK85,351,144,BLK 430 FERNVALE LINK
Y30M,249,144,BLK 848A YISHUN STREET 81
A55,445,144,BLK 729/730 ANG MO KIO AVENUE 6/8
J3,308,145,BLK 111/116 JURONG EAST STREET 13
BBM7,175,145,BLK 154A BUKIT BATOK WEST AVENUE 8
SE23,185,145,BLK 253/254 SERANGOON CENTRAL DRIVE
CK39,371,145,BLK 559A CHOA CHU KANG NORTH 6
BJ1,457,145,BLK 130-140 CASHEW ROAD
ACM,290,145,BLK 98A ALJUNIED CRESCENT
W65,360,145,BLK 701A WOODLANDS DRIVE 40
M32,352,146,BLK 120 TO 124 PAYA LEBAR WAY
HG76,270,146,BLK 159A HOUGANG STREET 11
PM5,325,146,BLK 235A PASIR RIS STREET 21
DWSO,189,146,BLK 40 & 41 MARGARET DRIVE
BBM8,329,147,BLK 622A BUKIT BATOK CENTRAL
Q87,168,147,BLK 5A HOLLAND CLOSE
TP54,256,147,BLK 222 TO 224 LORONG 8 TOA PAYOH
TM13,209,147,BLK 374A TAMPINES STREET 34
CSM,260,147,BLK 54 CHIN SWEE ROAD MSCP
KJM1,265,147,BLK 37A CAMBRIDGE ROAD
MM3,222,148,BLK 66A CIRCUIT ROAD
SAM2,334,148,BLK 61 STRATHMORE AVENUE
GSM,200,148,BLK 2 GEYLANG SERAI
W693,322,148,BLK 693 WOODLANDS AVENUE 6
U65,391,148,BLK 439 BUKIT BATOK WEST AVENUE 8
PR3,368,149,BLK 531/536 PASIR RIS DRIVE 1/PASIR RIS CENTRAL
T43,224,149,BLK 831/841 TAMPINES STREET 83
U7,291,149,BLK 159/164 BUKIT BATOK STREET 11
S107,414,149,BLK 338 ANCHORVALE CRESCENT
U55,350,149,BLK 445 BUKIT BATOK WEST AVENUE 8
SE27,380,150,BLK 421/427 SERANGOON CENTRAL/AVENUE 1
CK22,378,151,BLK 343A CHOA CHU KANG LOOP
SK92,296,151,BLK 279 SENGKANG EAST AVENUE
TM12,350,151,BLK 390A TAMPINES AVENUE 7
TM44,216,151,BLK 499 TAMPINES AVENUE 9
TJ38,293,151,175 YUNG KUANG ROAD
HG41,461,152,BLK 633-642 & 647-648 HOUGANG AVENUE 8
BJ12,550,152,BLK 246-255 BANGKIT ROAD
Y52M,361,152,BLK 456A YISHUN STREET 41
SDM,192,152,BLK 114A LORONG 3 GEYLANG MSCP
TM14,365,152,BLK 891B TAMPINES AVENUE 8
TM15,299,152,BLK 450B TAMPINES STREET 42
HG42,701,152,BLK 643-646/649-662/665-667 HOUGANG AVENUE 8
TJ35,365,152,BLK 183A CORPORATION DRIVE
SB8,296,152,BLK 330A SEMBAWANG CLOSE
TE2,213,153,BLK 105-107 JALAN BUKIT MERAH
KJ3,334,153,BLK 48/48A DURHAM ROAD
S114,336,153,BLK 460 SENGKANG WEST WAY
TP4A,296,154,BLK 4A LORONG 7 TOA PAYOH
PL36,382,154,BLK 305 PUNGGOL ROAD
BA2,361,154,BLK 117 ALKAFF CRESCENT
AM14,350,154,BLK 227 ANG MO KIO STREET 23
Y38,648,154,BLK 650/661 YISHUN AVENUE 4
C12,323,155,"BLK 301-302
Y49,566,155,BLK 401/414 YISHUN RING ROAD/AVENUE 6
W783,390,155,BLK 783 WOODLANDS RISE
RHM,329,156,BLK 88A REDHILL CLOSE
SK13,355,156,BLK 228D COMPASSVALE WALK
HG33,496,156,BLK 609-621 HOUGANG AVENUE 8
HG3E,299,156,BLK 993 BUANGKOK LINK
J8,377,157,BLK 232/240 JURONG EAST STREET 21
TBM,307,157,BLK 48A TELOK BLANGAH DRIVE
TP49,296,158,BLK 4/5 LORONG 7 TOA PAYOH
T26,293,158,BLK 249/266 TAMPINES STREET 21
TM24,344,158,BLK 359A TAMPINES STREET 34
J1,368,159,BLK 101/107 JURONG EAST STREET 13
CK44,285,159,BLK 762A CHOA CHU KANG NORTH 5
W24,557,159,BLK 321-335 WOODLANDS STREET 32
J62M,200,159,BLK 901 JURONG WEST STREET 91
SB4,272,159,BLK 313A SEMBAWANG DRIVE
A75,354,159,BLK 177/182 ANG MO KIO AVENUE 4
BE25,263,159,BLK 207A BISHAN STREET 23
TP50,296,159,BLK 1 TO 3 LORONG 7 TOA PAYOH
PR12,392,159,BLK 544/556 PASIR RIS STREET 51
TBC2,264,159,BLK 23A TELOK BLANGAH CRESCENT
W67,246,159,BLK 714A WOODLANDS DRIVE 70
B10M,303,159,BLK 431 BEDOK NORTH ROAD
SH2,173,160,BLK 320 SHUNFU ROAD
T20,380,160,BLK 231/238 TAMPINES STREET 21
SK88,369,161,BLK 451 SENGKANG WEST WAY
C4M,392,161,BLK 413A COMMONWEALTH AVENUE WEST
J75M,326,161,BLK 841A JURONG WEST STREET 81
Y15,335,161,BLK 227/235 YISHUN STREET 21
TPMH,246,161,BLK 260 KIM KEAT AVENUE
SIM5,235,161,BLK 256A SIMEI STREET 1
BRM1,335,161,BLK 112A WHAMPOA ROAD
KU2,477,161,BLK 319-330 UBI AVENUE 1
PM35,361,161,BLK 700A PASIR RIS DRIVE 10
TM55,298,161,BLK 873A TAMPINES STREET 85
J78M,458,162,BLK 702A JURONG WEST STREET 71
P34L,277,162,PUNGGOL ROAD
GM6B,232,162,BLK 16A GHIM MOH ROAD
DSR1,194,162,BLK 31A MARGARET DRIVE
U15,419,163,BLK 231/237 BUKIT BATOK EAST AVENUE 5
CKM9,273,163,BLK 297B CHOA CHU KANG AVENUE 2
PL77,376,163,BLK 659 PUNGGOL EAST ROAD
HG1E,306,163,BLK 377 HOUGANG STREET 32
CK51,318,164,BLK 621A CHOA CHU KANG NORTH 7
B34,274,164,BLK 134/136 BEDOK NORTH AVENUE 3
HG74,316,164,BLK 166A HOUGANG AVENUE 1
A4,350,164,BLK 217/220 ANG MO KIO AVENUE 1
BE18,560,164,BLK 441-455 SIN MING AVENUE/BRIGHT HILL DRIVE
S115,342,164,BLK 462 SENGKANG WEST WAY
TJ41,316,164,BLK 140 CORPORATION DRIVE
FR3M,228,165,BLK 8A EMPRESS ROAD
J81M,466,165,BLK 760A JURONG WEST STREET 74
HG39,204,165,HOUGANG SPORTS COMPLEX
CTM1,266,165,BLK 441 COMMONWEALTH AVENUE WEST
J45,361,166,BLK 484-491 JURONG WEST AVENUE 1
BJ52,319,166,BLK 185A JELEBU ROAD
AR2M,696,166,BLK 28 DOVER CRESCENT
BJ42,450,167,BLK 163A GANGSA ROAD
B51,322,167,BLK 611/616 BEDOK RESERVOIR ROAD
HG95,168,167,BLK 105 HOUGANG AVENUE 1
SI7,359,167,BLK 132 - 139 SIMEI STREET 1
T1,413,167,BLK 101/108 TAMPINES STREET 11
TPM6,358,168,BLK 35A LORONG 5 TOA PAYOH
SE40,407,168,BLK 550A SERANGOON NORTH AVENUE 3
TP3,215,168,BLK 66/70/73 LORONG 4 TOA PAYOH
B47,234,168,BLK 540/542 BEDOK NORTH STREET 3
HG4,407,168,BLK 19-23 HOUGANG AVENUE 3
J64,254,168,BLK 354 JURONG EAST AVENUE 1
HG9,247,168,BLK 201-204 HOUGANG STREET 21
W676,206,168,BLK 676 WOODLANDS DRIVE 71
SMM,240,168,BLK 53A STRATHMORE AVENUE
Y32,382,168,BLK 858/864 YISHUN AVENUE 4
TJ36,305,169,BLK 121A YUAN CHING ROAD
SIM3,236,169,BLK 166 SIMEI ROAD MSCP
B72,412,169,BLK 660A JALAN TENAGA
W53,397,169,BLK 881A WOODLANDS STREET 82
SB39,273,169,BLK 108 CANBERRA WALK
PDC4,178,169,BLK 475 CHOA CHU KANG AVE 3
B88,385,170,BLK 34A BED0K SOUTH AVENUE 2
CLM,245,170,BLK 129A CLARENCE LANE
B60,272,170,BLK 722/725 BEDOK RESERVOIR ROAD
SK27,170,170,BLK 119 RIVERVALE DRIVE
W70,298,170,BLK 739A WOODLANDS CIRCLE
U17,427,171,BLK 242/253 BUKIT BATOK EAST AVENUE 2/5
P1,314,171,BLK 196 PUNGGOL FIELD
GE3,355,171,BLK 124 TO 128 GEYLANG EAST AVENUE 1
T13,392,171,BLK 161/166 TAMPINES STREET 12
Y51M,486,171,BLK 441 YISHUN AVENUE 11
TPMR,374,171,BLK 261A TOA PAYOH EAST
WCC,190,171,900 SOUTH WOODLANDS DR
B10,516,172,BLK 404/413 BEDOK NORTH AVENUE 3
PL43,417,172,BLK 288 PUNGGOL PLACE
T79,456,172,BLK 451/460 TAMPINES STREET 42
HG45,458,172,BLK 685-691 HOUGANG STREET 61
Y66M,412,172,BLK 317 YISHUN AVENUE 9
BM13,307,172,BLK 44/47 LENGKOK BAHRU
HG2A,408,172,BLK 473 UPPER SERANGOON CRESCENT
TG7,362,173,BLK 33/38/43/45 TEBAN GARDENS
CK71,371,173,BLK 488 CHOA CHU KANG AVENUE 5
KU4,474,173,BLK 342-352 UBI AVENUE 1
C15M,289,173,BLK 440 CLEMENTI AVENUE 3
Y48M,257,174,BLK 385 YISHUN RING ROAD/AVENUE 6
SK11,362,174,BLK 226D COMPASSVALE WALK
TM41,272,174,BLK 921A TAMPINES STREET 91
C32,289,175,BLK 514-519 WEST COAST ROAD
MP13,396,175,BLK 78 & 79 MARINE DRIVE
C21M,383,175,BLK 455A CLEMENTI AVENUE 3
PM17,398,175,BLK 142A PASIR RIS STREET 11
CK2,464,175,BLK 109/117 TECK WHYE LANE
Y26,304,175,BLK 816/820 YISHUN STREET 81
PL65,466,175,BLK 310 PUNGGOL WALK
TM8,410,175,BLK 316A TAMPINES STREET 33
TM27,239,176,BLK 497L TAMPINES STREET 45
H12,356,176,BLK 1/5 DELTA AVENUE
HG70,348,176,BLK 567A HOUGANG STREET 51
PM43,340,176,BLK 757A PASIR RIS STREET 71
B67,334,176,BLK 649A JALAN TENAGA
A26,333,176,BLK 113/114/118 ANG MO KIO AVENUE 4
JRM,280,178,BLK 814 JELLICOE ROAD
W81,300,178,BLK 786A WOODLANDS DRIVE 60
TM17,448,178,BLK 842A TAMPINES STREET 82
A73,414,178,BLK 641/645 ANG MO KIO STREET 61
U54,235,178,241A BUKIT BATOK EAST AVENUE 5
SK12,354,179,BLK 103A RIVERVALE WALK
PM3,388,180,BLK 225A PASIR RIS STREET 21
W30,285,180,BLK 305 WOODLANDS STREET 31
HG11,817,180,BLK 301-319 HOUGANG AVENUE 5
SE29,333,180,BLK 2A LORONG LEW LIAN
B74,365,180,BLK 671A JALAN DAMAI
SB40,263,180,BLK 115 CANBERRA WALK
B17,385,181,BLK 52/57 NEW UPPER CHANGI ROAD
T46,297,181,BLK 842/856 TAMPINES STREET 82
J68M,276,181,BLK 962A JURONG WEST STREET 91
CKM2,301,181,BLK 625A CHOA CHU KANG STREET 62
Y69M,350,181,BLK 513 YISHUN STREET 51
PL78,472,181,BLK 322 SUMANG WALK
U1,516,182,BLK 101/110 BUKIT BATOK WEST AVENUE 6
BJ41,389,183,BLK 152A GANGSA ROAD
A72,358,183,BLK 633/640 ANG MO KIO STREET 61
TM51,330,183,BLK 879C TAMPINES AVENUE 8
W780,350,184,BLK 780 WOODLANDS CRESCENT
PM6,412,184,BLK 245A PASIR RIS STREET 21
HG61,311,184,BLK 559A HOUGANG STREET 51
TM21,338,184,BLK 340A TAMPINES STREET 33
CC11,417,184,BLK 50/54 CHAI CHEE STREET
NT7,383,185,BLK 646 TAMPINES STREET 62
SB3,359,185,BLK 325A SEMBAWANG CRESCENT
SK96,385,185,BLK 440 FERNVALE LINK
CK35,345,185,BLK 513A CHOA CHU KANG STREET 51
PL39,430,186,BLK 267 PUNGGOL FIELD
HG50,490,186,BLK 534-545 HOUGANG AVENUE 8
AV1,277,186,BLK 120/120A/121-127 ALEXANDRA VILLAGE
TM34,435,186,BLK 730A TAMPINES STREET 71
U64,382,186,BLK 461 BUKIT BATOK WEST AVENUE 8
CAM,480,187,BLK 88 TANGLIN HALT ROAD
BL19,369,188,BLK 212A BOON LAY PLACE
SK20,283,188,BLK 191C RIVERVALE DRIVE
KE3M,255,188,BLK 145A BEDOK RESERVOIR ROAD
W694,313,188,BLK 694 WOODLANDS DRIVE 62
Y82M,343,188,BLK 478 YISHUN STREET 42
W588,358,189,BLK 588A WOODLANDS DRIVE 16
BKRM,278,189,BLK 6A BOON KENG ROAD
PL53,424,189,BLK 266 PUNGGOL WAY
U19,501,190,BLK 266/284 BUKIT BATOK EAST AVENUE 3/4
B16,364,190,"BLKS 59
W21,495,190,BLK 167-179 WOODLANDS STREET 13
P8,379,190,BLK 126 EDGEDALE PLAINS
PL62,300,190,BLK 256 SUMANG WALK
MM6,413,190,BLK 82 CIRCUIT ROAD
PL68,366,191,BLK 217 SUMANG WALK
BE11,352,191,BLK 181-186 BISHAN STREET 13
Y53M,397,191,BLK 426 YISHUN AVENUE 11
S110,315,191,BLK 351 ANCHORVALE ROAD
W691,333,191,BLK 691 WOODLANDS DRIVE 73
PDJ7,316,191,BLK 762A JURONG WEST ST 75
W36,539,192,BLK 801-810 WOODLANDS STREET 81
W59,434,192,BLK 897D WOODLANDS DRIVE 50
SI1,337,192,BLK 101/107 SIMEI STREET 1
U22,495,193,BLK 310/323 BUKIT BATOK STREET 32/33
W55,373,193,BLK 859A WOODLANDS STREET 83
PM45,522,194,BLK 773A PASIR RIS STREET 71
PL41,458,194,BLK 273 PUNGGOL PLACE
BE14,332,194,BLK 167A BISHAN STREET 13
A35,473,194,BLK 426/428/435 ANG MO KIO STREET 43
BL22,358,194,BLK 196 BOON LAY DRIVE
T48,648,194,BLK 865/874A TAMPINES STREET 83/84
T9,570,194,BLK 140/148 TAMPINES STREET 12
P4,411,195,BLK 105 EDGEFIELD PLAINS
HCM,208,195,BLK 104A HENDERSON CRESCENT
PL27,407,195,BLK 204 PUNGGOL FIELD
PDR2,222,195,BLK 258 PASIR RIS ST 21
C10,253,196,"BLK 339
U69,389,196,BLK 467 BUKIT BATOK WEST AVENUE 9
PM33,448,197,BLK 635A PASIR RIS DRIVE 1
BR4,321,197,BLK 81/89 WHAMPOA DRIVE
TM33,369,197,BLK 727A TAMPINES STREET 71
SE42,352,197,BLK 512A SERANGOON NORTH AVENUE 4
BJ71,312,197,BLK 642 SENJA CLOSE
W64,352,198,BLK 605A WOODLANDS DRIVE 42
W57,483,198,BLK 892C WOODLANDS DRIVE 50
B28,342,198,BLK 107/110 BEDOK NORTH ROAD
Y17,459,198,BLK 243/257 YISHUN RING ROAD/AVENUE 9
TAM2,533,198,BLK 475 TAMPINES STREET 44
MNRM,355,200,BLK 108A MCNAIR ROAD
BL13,413,200,BLK 198/206 BOON LAY DRIVE
CK36,420,200,BLK 527A CHOA CHU KANG STREET 51
J79M,337,200,BLK 821A JURONG WEST STREET 81
PM34,441,200,BLK 649A PASIR RIS DRIVE 10
Y63M,390,200,BLK 333 YISHUN STREET 31
TM43,247,201,BLK 202A TAMPINES STREET 21
BE40,339,201,BLK 268A BISHAN STREET 24
M25,424,201,BLK 53 TO 56/68/70/71/72 PIPIT RD/CIRCUIT ROAD
Y49M,267,201,BLK 419A YISHUN AVENUE 11
W50,254,201,BLK 846A WOODLANDS AVENUE 4
Y80M,363,201,BLK 470 YISHUN STREET 42
U31,348,202,BLKS 526-534 BUKIT BATOK STREET 51
MM4,288,202,BLK 31A CIRCUIT ROAD
SB24,387,202,BLK 506 WELLINGTON CIRCLE
W18,563,202,BLK 114-133 MARSILING RISE
SK95,573,202,BLK 334 ANCHORVALE CRESCENT
PM44,350,202,BLK 762A PASIR RIS STREET 71
J52,626,203,BLK 423/440 JURONG WEST AVENUE 1/STREET 42
U67,483,203,BLK 432 BUKIT BATOK WEST AVENUE 8
SK44,418,204,BLK 308 ANCHORVALE ROAD
PL30,204,204,BLK 170D PUNGGOL EAST
FRM,264,204,BLK 808 FRENCH ROAD MSCP
TPM,384,205,BLK 1/6 TANJONG PAGAR MSCP
SK43,317,205,BLK 290 COMPASSVALE CRESCENT
J80M,441,205,BLK 734A JURONG WEST STREET 73
H18,336,205,BLK 44A HAVELOCK ROAD
Y2,399,205,BLK 103/111 YISHUN RING ROAD
SE13,421,206,BLK 223/230 SERANGOON AVENUE 4
TJ32,543,206,BLK 346A KANG CHING ROAD
SK86,374,207,BLK 432 SENGKANG WEST WAY
J82M,535,207,BLK 844A JURONG WEST STREET 81
HG1C,566,207,BLK 476 UPPER SERANGOON VIEW
W505,368,207,BLK 505A WOODLANDS DRIVE 14
BJ61,470,207,BLK 548 SEGAR ROAD
S103,366,207,BLK 293 COMPASSVALE CRESCENT
Y45M,567,208,BLK 347 YISHUN AVENUE 11
TPM5,342,209,BLK 84C LORONG 2 TOA PAYOH
HG43,487,210,BLK 668-680 HOUGANG AVENUE 8
PM14,428,210,BLK 180A PASIR RIS STREET 11
Y12,619,210,"BLK 165/167
A45,394,210,BLK 570/578 ANG MO KIO STREET 51
BRM,469,210,BLK 39 BENDEMEER ROAD
T49,468,210,BLK 875/886A TAMPINES STREET 84 /AVENUE 8
DWVT,318,210,BLK 78A DAWSON ROAD
BRM3,406,211,BLK 98A WHAMPOA DRIVE
SK2,360,211,BLK 236A COMPASSVALE WALK
TJ33,441,211,BLK 328A TAH CHING ROAD
BRM6,467,211,BLK 116 JALAN TENTERAM
B57,426,211,BLK 701/708 BEDOK RESERVOIR ROAD
BA3,622,211,BLK 101 BIDADARI PARK DRIVE
W5,355,212,BLK 10/13 MARSILING LANE
T32,645,212,BLK 272-275 TAMPINES STREET 22
Y41,478,212,BLK 302-314 YISHUN CENTRAL/RING ROAD
KTM2,429,213,BLK 120B KIM TIAN PLACE
PM8,330,213,BLK 458A PASIR RIS DRIVE 4
S105,367,213,BLK 217 COMPASSVALE DRIVE
W182,425,213,BLK 182 WOODLANDS STREET 13
CK41,444,214,BLK 708A CHOA CHU KANG STREET 53
SB5,395,214,BLK 322A SEMBAWANG CLOSE
PM24,295,214,BLK 561A PASIR RIS STREET 51
CLRG,495,214,312 CLEMENTI AVENUE 4
W58,382,215,BLK 895D WOODLANDS DRIVE 50
BE30,345,215,BLK 231A BISHAN STREET 23
W782,383,215,BLK 782 WOODLANDS CRESCENT
PL57,521,215,BLK 665 PUNGGOL DRIVE
Y76M,421,215,BLOCK 676 YISHUN RING ROAD
U26,595,216,BLK 354/357-370 BUKIT BATOK STREET 31
CK7,298,216,BLK 135A TECK WHYE LANE
M4,470,216,BLK 22/34/36 CIRCUIT ROAD
W80,322,216,BLK 775A WOODLANDS CRESCENT
TBM5,423,216,BLK 57A TELOK BLANGAH HEIGHTS
P9,382,216,BLK 128 PUNGGOL FIELD WALK
NT1,469,216,BLK 601 TAMPINES AVENUE 9
SAM,327,216,BLK 60A STRATHMORE AVENUE
W3,1000,217,BLK 4A/6A WOODLANDS CENTRE ROAD
PM29,412,217,BLK 601A ELIAS ROAD
T45,339,217,BLK 843/855 TAMPINES STREET 83
Y71M,423,217,BLK 501 YISHUN STREET 51
SB46,443,217,BLK 126 CANBERRA STREET
HG79,401,218,BLK 931A HOUGANG STREET 91
U60,558,218,BLK 451 BUKIT BATOK WEST AVENUE 6
TGM4,388,218,BLK 57A TEBAN GARDENS ROAD
A11,410,219,BLK 223/226/226A-226D ANG MO KIO STREET 22
J77M,350,219,BLK 750A JURONG WEST STREET 73
CK11,393,219,BLK 287A CHOA CHU KANG AVENUE 2
JM9,345,220,BLK 650 JURONG WEST STREET 61
HG2B,323,220,BLK 933 HOUGANG AVENUE 9
B95,359,220,BLK 220 BEDOK CENTRAL
JM10,367,221,BLK 648 JURONG WEST STREET 61
PM25,508,221,BLK 500A PASIR RIS STREET 52
W46,407,221,BLK 426A WOODLANDS STREET 41
GEM,231,221,BLK 118 ALJUNIED AVENUE 2
JBM,342,222,BLK 134A JALAN BUKIT MERAH
TGM3,553,222,BLK 22A TEBAN GARDENS ROAD
SK91,381,222,BLK 281 SENGKANG EAST AVENUE
UBKM,343,222,BLK 13A UPPER BOON KENG ROAD
PM26,449,222,BLK 521A PASIR RIS STREET 52
W103,339,222,BLK 766A WOODLANDS CIRCLE
Y21M,367,223,BLK 296A YISHUN STREET 20
W23,628,223,BLK 336-350 WOODLANDS STREET 32
HG49,776,223,BLK 435-458 HOUGANG AVENUE 6/8
W4M,355,223,BLK 7A MARSILING DRIVE
SK41,392,223,BLK 305 ANCHORVALE LINK
TM42,261,224,BLK 823A TAMPINES STREET 81
CM1,256,224,BLK 10 CANTONMENT CLOSE
PM32,453,224,BLK 631A PASIR RIS DRIVE 3
DRM3,285,224,108A DEPOT ROAD
C37,423,225,"BLK 720-727
BL17,443,225,BLK 268 BOON LAY DRIVE
SK48,471,226,BLK 321 ANCHORVALE DRIVE
B80,250,226,BLK 739A BEDOK RESERVOIR ROAD
J95,467,226,BLK 282A TOH GUAN ROAD
C28M,305,226,BLK 208 CLEMENTI AVENUE 6
U25,625,227,BLK 337-353/355-356 BUKIT BATOK STREET 34
JM23,793,227,BLK 276 JURONG WEST STREET 25
KTM4,380,227,BLK 119A KIM TIAN ROAD
SIM2,314,227,BLK 125 SIMEI STREET 1
B69,370,227,BLK 94A BEDOK NORTH AVENUE 4
BJ27,305,227,BLK 442A FAJAR ROAD
PL55,364,228,BLK 261 PUNGGOL WAY
Y46,593,228,BLK 349-359 YISHUN RING ROAD
AM43,465,228,BLK 455 ANG MO KIO STREET 44
KB4,408,229,BLK 72/93/97 GEYLANG BAHRU
PL59,669,229,BLK 308 PUNGGOL WALK
TJ34,350,230,BLK 115A HO CHING ROAD
U39,248,230,BLK 631 BUKIT BATOK CENTRAL
U13,661,230,BLK 212/230 BUKIT BATOK STREET 21
W554,376,230,BLK 554A WOODLANDS DRIVE 53
TM30,408,230,BLK 701A TAMPINES STREET 71
BJ69,428,230,BLK 643 SENJA CLOSE
SIM1,317,231,BLK 115 SIMEI STREET 1
JM21,459,231,BLK 651 JURONG WEST STREET 61
PL26,375,231,BLK 650 PUNGGOL CENTRAL
B50,581,231,BLK 601/605 BEDOK RESERVOIR ROAD
C3M,882,232,BLK 416A CLEMENTI AVENUE 1
BE27,344,232,BLK 212A BISHAN STREET 23
HG20,590,232,BLK 128-137 LORONG AH SOO
PL28,363,232,BLK 194 PUNGGOL ROAD
PL60,558,232,BLK 670 EDGEFIELD PLAINS
PDL2,278,232,681 PUNGGOL DR
BRM5,376,233,BLK 19A JALAN TENTERAM
PDW5,270,233,BLK 548 WOODLANDS DR 44
W92,389,234,BLK 633A WOODLANDS RING ROAD
CK53,450,234,BLK 668A CHOA CHU KANG CRESCENT
MNM,453,234,BLK 113 MCNAIR ROAD
BRM7,360,234,BLK 78A LORONG LIMAU
SK10,394,235,BLK 241A COMPASSVALE WALK
P5,520,235,BLK 107 PUNGGOL FIELD
TPM3,370,235,BLK 171A LORONG 1 TOA PAYOH
TM11,446,235,BLK 384A TAMPINES STREET 32
PR6,337,235,BLK 441/445 PASIR RIS DRIVE 6
W71,377,235,BLK 728A WOODLANDS CIRCLE
B31,415,236,BLK 124/129 BEDOK NORTH STREET 2
J76M,415,236,BLK 832A JURONG WEST STREET 81
SK94,520,236,BLK 329 ANCHORVALE STREET
JMB3,577,236,BLK 26 JALAN MEMBINA
BE31,300,237,BLK 232-237 BISHAN STREET 22
HG67,705,237,"BLK 401-413
T80,348,237,BLK 461/471 TAMPINES STREET 44
SI4,461,237,BLK 120/122 SIMEI STREET 1
W77,388,237,BLK 757A WOODLANDS AVENUE 4
C8,347,238,BLK 335/338 CLEMENTI AVENUE 2
Y79M,453,239,BLK 465 YISHUN AVENUE 6
SK16,429,239,BLK 111A RIVERVALE WALK
HG86,404,239,BLK 946A HOUGANG STREET 92
HG19,568,239,BLK 138-145 LORONG AH SOO
PL22,379,239,BLK 644 PUNGGOL CENTRAL
W74,381,240,BLK 737A WOODLANDS CIRCLE
S113,426,240,BLK 353 ANCHORVALE LANE
BE9,711,241,BLK 153-167 BISHAN STREET 13
SB33,388,241,BLK 592 MONTREAL LINK
W578,400,241,BLK 578A WOODLANDS DRIVE 16
CKM3,456,241,BLK 445A CHOA CHU KANG AVENUE 4
W51,304,242,BLK 866A WOODLANDS STREET 83
PDR6,248,242,BLK 624A ELIAS RD
SB42,395,242,BLK 365 SEMBAWANG CRESCENT
TGM1,388,243,BLK 63A TEBAN GARDENS ROAD
A60,517,243,BLK 540/546 ANG MO KIO STREET 54
W102,452,243,BLK 687 WOODLANDS DRIVE 75
W12M,459,243,BLK 34A MARSILING DRIVE
SK89,401,243,BLK 326 ANCHORVALE ROAD
JM32,410,243,697 JURONG WEST CENTRAL 3
TP52,456,244,BLK 210 TO 215 LORONG 8 TOA PAYOH
DUXM,1095,244,BLK 1 CANTONMENT ROAD
J21,702,244,BLK 317/328 JURONG EAST STREET 31
CKM8,492,244,BLK 486A CHOA CHU KANG AVENUE 5
TM5,501,245,BLK 492A TAMPINES STREET 45
W579,418,245,BLK 579A WOODLANDS DRIVE 16
Y3,403,246,BLK 112/120 YISHUN RING ROAD
TM53,343,246,BLK 859B TAMPINES AVENUE 5
NT4,528,246,BLK 613 TAMPINES NORTH DRIVE 1
HG10,248,247,BLK 101-108 HOUGANG AVENUE 1
CK50,374,248,BLK 611A CHOA CHU KANG STREET 62
KTM6,252,248,BLK 127 KIM TIAN ROAD
BJ16,311,248,BLK 259A BANGKIT ROAD
SH1,607,248,BLK 301-313 SHUNFU ROAD
W586,360,249,BLK 586A WOODLANDS DRIVE 16
SK66,520,249,BLK 156A RIVERVALE CRESCENT
B40,540,249,BLK 504/508 BEDOK NORTH STREET 3
Y64M,427,249,BLK 334 YISHUN STREET 31
SK64,391,250,BLK 269 COMPASSVALE LINK
SB1,435,250,BLK 306B CANBERRA ROAD
CK6A,300,250,BLK 146A 146A TECK WHYE AVENUE
U40,288,251,BLK 644A BUKIT BATOK CENTRAL
Y28M,375,251,BLK 840A YISHUN STREET 81
W87,401,251,BLK 649A WOODLANDS RING ROAD
HG7,757,252,BLK 109-127 HOUGANG AVENUE 1
TBCM,593,252,BLK 16A TELOK BLANGAH CRESCENT
W785,487,252,BLK 785 WOODLANDS RISE
SB2,383,253,BLK 316A SEMBAWANG VISTA
BE5,647,253,BLK 117-134 BISHAN STREET 12
W549,429,253,BLK 549A WOODLANDS DRIVE 44
B59,386,255,BLK 716/718/721 BEDOK RESERVOIR ROAD
TPMF,458,255,BLK 141A LORONG 2 TOA PAYOH
J94,421,257,BLK 288F JURONG EAST STREET 21
SK50,471,258,BLK 323 SENGKANG EAST WAY
AM79,472,258,BLK 596 ANG MO KIO STREET 52
CK10,395,258,BLK 227A CHOA CHU KANG CENTRAL
PR2,791,258,BLK 109/129 PASIR RIS STREET 11
B98,473,258,BLK 748 BEDOK RESERVOIR CRESCENT
T35,630,259,BLK 287/298/299A/299B TAMPINES STREET 22
B99M,508,259,BLK 807 CHAI CHEE ROAD
W84,499,259,BLK 614A WOODLANDS AVENUE 4
T7A,283,259,BLK 136A TAMPINES STREET 11
W574,479,259,BLK 574 WOODLANDS DRIVE 16
BL8,679,260,BLK 221 BOON LAY PLACE
C19M,439,260,BLK 445 CLEMENTI AVENUE 3
TP18,383,261,BLK 186/191 TO 193 TOA PAYOH TOWN CENTRE
B75,329,261,BLK 613C BEDOK RESERVOIR ROAD
HG62,345,261,BLK 566A HOUGANG STREET 51
W75,375,261,BLK 747A WOODLANDS CIRCLE
BL18,391,262,BLK 208A BOON LAY PLACE
TRS,269,262,BLK 14 KAMPONG ARANG ROAD
U12,773,262,BLK 201/211 BUKIT BATOK STREET 21
B21,555,262,BLK 74/82 BEDOK NORTH ROAD
U66,452,262,BLK 436 BUKIT BATOK WEST AVENUE 5
SE16,674,263,BLK 301/319 SERANGOON AVENUE 2
J92,447,263,BLK 285E TOH GUAN ROAD
SB20,359,263,BLK 505 CANBERRA LINK
HG1A,563,263,BLK 470 UPPER SERANGOON CRESCENT
SB45,416,263,BLK 132 CANBERRA VIEW
W91,414,264,BLK 630A WOODLANDS RING ROAD
T39,746,264,BLK 921-941 TAMPINES STREET 91
SE9,470,264,BLK 135/141 SERANGOON NORTH AVENUE 2
BJ56,554,265,BLK 629A SENJA ROAD
B65,756,268,BLK 155/172 BEDOK SOUTH ROAD/AVENUE 3
BJ40,585,268,BLK 541A BUKIT PANJANG RING ROAD
B94,438,268,BLK 513A BEDOK NORTH AVENUE 2
BA8,352,268,BLK 207 WOODLEIGH LINK
KLM,345,269,BLK 31 KELANTAN LANE MSCP
JM12,468,269,BLK 624A JURONG WEST STREET 61
HG60,371,269,BLK 548A HOUGANG STREET 51
TJ29,306,269,BLK 155A YUNG LOH ROAD
JM4,435,269,BLK 684 JURONG WEST STREET 64
PM21,428,269,BLK 530 PASIR RIS DRIVE 1
W78,442,269,BLK 759A WOODLANDS AVENUE 6
W83,448,269,BLK 608A WOODLANDS RING ROAD
Y81M,520,269,BLK 476 YISHUN STREET 44
CK8,750,270,BLK 201-221 CHOA CHU KANG CENTRAL
AM96,525,270,BLK 352A ANG MO KIO STREET 32
PL23,445,271,BLK 201 PUNGGOL FIELD
Y41M,344,271,BLK 307 YISHUN RING ROAD/CENTRAL
PM22,355,271,BLK 555A PASIR RIS STREET 51
T47,669,271,BLK 857/864 TAMPINES STREET 83/AVENUE 5
GE1A,359,272,BLK 99-106/111-112 ALJUNIED CRESCENT
J93,483,272,BLK 286E TOH GUAN ROAD
KM1,424,272,BLK 56A CASSIA CRESCENT
PDS1,346,272,BLK 118 RIVERVALE DR
SK54,500,272,BLK 184 RIVERVALE CRESCENT
SB44,505,272,BLK 102 CANBERRA STREET
BJ33,366,273,BLK 234A BUKIT PANJANG RING ROAD
ECM,407,273,BLK 31A EUNOS CRESCENT
PD8W,290,273,BLK 883A WOODLANDS ST 82
AR5M,419,274,BLK 19A DOVER CRESCENT
Y7,667,274,BLK 701/716 & 701B YISHUN AVENUE 5
T81,685,275,BLK 485A/489C TAMPINES STREET 45/AVENUE 9
BBM1,406,276,BLK 188A BUKIT BATOK WEST AVENUE 6
HG77,423,276,BLK 919A HOUGANG AVENUE 4
CK73,501,276,BLK 801 KEAT HONG CLOSE
SK63,494,277,BLK 208 COMPASSVALE LANE
CK59,458,277,BLK 297A CHOA CHU KANG AVENUE 2
SK90,508,277,BLK 332 ANCHORVALE LINK
BE19,380,277,BLK 503/504 BISHAN STREET 11
JM14,493,278,BLK 635A JURONG WEST STREET 65
Y60M,383,278,BLK 430 YISHUN AVENUE 11
BE39,705,279,BLK 263A BISHAN STREET 22
CK8A,373,279,BLK 203A CHOA CHU KANG AVENUE 1/CENTRAL
A25,543,279,BLK 330/337 ANG MO KIO AVENUE 8
NBRM,395,279,BLK 13 NORTH BRIDGE ROAD MSCP
JM33,299,279,BLK 13 NORTH BRIDGE ROAD MSCP
BE37,402,279,BLK 282 BISHAN STREET 22
Y74M,379,279,BLOCK 673 YISHUN AVENUE 4
U23,713,280,BLK 407-426 BUKIT BATOK WEST AVENUE 2/4
J61,779,280,BLK 912/932 JURONG WEST STREET 92
S111,570,280,BLK 455 SENGKANG WEST AVENUE
Y23,823,281,BLK 775-794 YISHUN RING RD/AVENUE 2
HG30,433,281,BLK 464-468 HOUGANG AVENUE 10
KU1,586,281,BLK 301/305-306/311-318 UBI AVENUE 1
TPMP,808,282,BLK 138 LORONG 1A TOA PAYOH
SB27,395,283,BLK 492A ADMIRALTY LINK
TM32,460,283,BLK 723A TAMPINES STREET 72
SB11,444,283,BLK 476A SEMBAWANG DRIVE
SE15,486,284,BLK 238/246 SERANGOON AVENUE 3
W73,440,284,BLK 796A WOODLANDS DRIVE 72
NT6,502,284,BLK 647 TAMPINES STREET 62
P6,547,285,BLK 109 PUNGGOL FIELD
Y43,716,285,BLK 320-332 YISHUN CENTRAL/RING ROAD
PL75,579,285,BLK 325 SUMANG WALK
SK42,465,286,BLK 304 ANCHORVALE LINK
KAM,396,286,BLK 335 KRETA AYER MSCP
HVM,587,286,BLK 51 HAVELOCK ROAD
HG80,437,286,BLK 941A HOUGANG STREET 92
HG3B,432,286,BLK 991 BUANGKOK LINK
W185,540,286,BLK 185 WOODLANDS STREET 13
W79,490,287,BLK 773A WOODLANDS DRIVE 60
KJM2,467,287,BLK 14A FARRER PARK ROAD
CK64,455,287,BLK 692 CHOA CHU KANG CRESCENT
Y25,608,287,BLK 800-812 YISHUN RING ROAD
NT2,601,287,BLK 605 TAMPINES STREET 61
HG3L,725,287,"BLK 993A-993B
J96,444,288,BLK 267A TOH GUAN ROAD
MP2M,616,288,BLK 35A MARINE CRESCENT
W94,368,288,BLK 678A WOODLANDS AVENUE 6
DRM2,392,288,BLK 112C DEPOT ROAD
C35,647,289,BLK 704-714 CLEMENTI WEST STREET 2
TPMA,505,290,BLK 60A LORONG 4 TOA PAYOH
W82,450,290,BLK 787A WOODLANDS CRESCENT
SK1,657,290,BLK 133A RIVERVALE STREET
BP1,577,292,BLK 101/109 BUKIT PURMEI ROAD
PL10,560,292,BLK 174 PUNGGOL FIELD
BE44,424,292,BLK 448A BRIGHT HILL DRIVE
SE19,558,293,BLK 201/210 SERANGOON CENTRAL
BJ32,484,295,BLK 518A JELAPANG ROAD
C10,767,295,"BLK 339
SK39,517,295,BLK 291 COMPASSVALE STREET
PL11,548,295,BLK 175 PUNGGOL FIELD
SE53,309,296,BLK 150 SERANGOON NORTH AVENUE 2
PM23,380,296,BLK 564A PASIR RIS STREET 51
Y68M,595,296,BLK 504 YISHUN STREET 51
SI13,689,297,BLK 221/235 SIMEI STREET 4
UBM2,485,297,BLK 8 UPPER BOON KENG ROAD
PL29,298,298,BLK 633 PUNGGOL DRIVE
MP1M,522,299,BLK 65A MARINE DRIVE
Y11,678,299,BLK 717/730 YISHUN STREET 71
SB7,421,299,BLK 336A SEMBAWANG CRESCENT
BJ37,512,300,BLK 529A JELAPANG ROAD
B66,585,300,BLK 637A BEDOK RESERVOIR ROAD
Q77M,607,300,BLK 18 HOLLAND DRIVE
Y54M,434,300,BLK 925 YISHUN CENTRAL 1
HG78,490,301,BLK 925A HOUGANG STREET 91
MP4M,302,301,BLK 16A MARINE TERRACE
PM36,671,302,BLK 710A PASIR RIS STREET 72
J49M,423,302,560 JURONG WEST STREET 42
BMVM,361,304,BLK 126A BUKIT MERAH VIEW
W86,465,304,BLK 644A WOODLANDS RING ROAD
SK19,609,305,BLK 190C RIVERVALE DRIVE
JRTM,433,305,BLK 37A JALAN RUMAH TINGGI
W69,495,305,BLK 721A WOODLANDS AVENUE 6
SB25,524,305,BLK 588 MONTREAL DRIVE
J48,745,306,BLK 441/455 JURONG WEST AVENUE 1/STREET 42
Y61M,553,306,BLK 431 YISHUN AVENUE 1
HG2C,483,306,BLK 364 / 365 UPPER SERANGOON RD
SK93,472,307,BLK 453 FERNVALE ROAD
W88,443,307,BLK 656A WOODLANDS RING ROAD
W93,447,307,BLK 639A WOODLANDS RING ROAD
CKM4,537,307,BLK 474A CHOA CHU KANG AVENUE 3
TM52,496,308,BLK 492 TAMPINES ST45
BM26,460,309,BLK 1/3/5 JALAN BUKIT MERAH
SK49,483,309,BLK 319 ANCHORVALE DRIVE
Y4,807,309,BLK 121/143 YISHUN STREET 11/RING ROAD
HCM,386,309,BLK 104A HENDERSON CRESCENT
W76,480,309,BLK 748A WOODLANDS CIRCLE
J57,362,311,BLK 131/134 JURONG GATEWAY ROAD
A40,520,311,BLK 471/476 ANG MO KIO STREET 44
PL52,587,311,BLK 312 SUMANG LINK
JM16,534,311,BLK 659 JURONG WEST STREET 65
CKM7,537,311,BLK 483A CHOA CHU KANG AVENUE 5
BE8,544,312,"BLK 145-150A
TM22,345,312,BLK 351A TAMPINES STREET 33
SB35,549,312,BLK 120 CANBERRA CRESCENT
J73,713,313,BLK 719/731 JURONG WEST STREET 72
S106,478,313,BLK 278 COMPASSVALE BOW
A67,712,314,BLK 605/612 ANG MO KIO AVENUE 4/5
KM4,429,314,BLK 49A JALAN TIGA
SK84,611,314,BLK 180 RIVERVALE CRESCENT
TBM6,400,315,BLK 52A TELOK BLANGAH DRIVE
U29,338,316,BLK 376 BUKIT BATOK MSCP
SK22,507,316,BLK 122F RIVERVALE DRIVE
W509,583,316,BLK 509A WOODLANDS DRIVE 14
Y65M,500,316,BLK 315 YISHUN AVENUE 9
UAM1,466,317,BLK 2A JOO SENG ROAD
TBM3,385,318,BLK 78A TELOK BLANGAH STREET 32
HG1B,659,318,BLK 475 UPPER SERANGOON CRESCENT
CK40,500,319,BLK 567A CHOA CHU KANG STREET 52
TM31,826,319,BLK 716A TAMPINES STREET 71
PL54,497,319,BLK 259 PUNGGOL FIELD
TPMS,327,319,BLK 259 PUNGGOL FIELD
BJ51,553,320,BLK 181A JELEBU ROAD
TM3,428,320,BLK 496A TAMPINES STREET 43
W95,464,320,BLK 788A WOODLANDS CRESCENT
PL71,732,320,BLK 682 EDGEDALE PLAINS EDGEDALE PLAINS
CK46,673,322,BLK 792A CHOA CHU KANG NORTH 6
T72,640,322,BLK 401/417 TAMPINES STREET 41
TAM1,425,323,BLK 507 TAMPINES CENTRAL 1
BE10,625,324,BLKS 168-180 BISHAN STREET 13
J97,411,324,BLK 273A TOH GUAN ROAD
U51,350,324,BLK 412A BUKIT BATOK WEST AVENUE 4
PL66,534,325,BLK 121 EDGEDALE PLAINS
BJ48,672,326,BLK 651A SENJA LINK
PL15,500,326,BLK 171 EDGEDALE PLAINS
Y75M,379,327,BLOCK 674 YISHUN AVENUE 4
BTM2,496,328,BLK 8C BOON TIONG ROAD
SK25,407,328,BLK 257 COMPASSVALE ROAD
HG89,387,328,BLK 435A HOUGANG AVENUE 8
KE1,858,328,BLK 101/121 BEDOK RESERVOIR ROAD
W72,524,328,BLK 792A WOODLANDS AVENUE 6
PM19,437,329,BLK 108A PASIR RIS STREET 12
HG71,685,329,BLK 574A HOUGANG STREET 51
W799,400,330,BLK 799 WOODLANDS DRIVE 60
NT3,796,330,BLK 609 TAMPINES NORTH DRIVE 1
S109,481,331,BLK 417 FERNVALE LINK
W89,524,332,BLK 661A WOODLANDS RING ROAD
CK32,433,336,BLK 253A CHOA CHU KANG AVENUE 1
HG48,837,336,BLK 417-434 HOUGANG AVENUE 6/8/10
SB6,518,336,BLK 306A CANBERRA ROAD
W20,781,336,BLK 144-166 WOODLANDS STREET 13
A69,476,338,BLK 623/625/627 ANG MO KIO STREET 61
A36,680,338,BLK 436/443/445 ANG MO KIO STREET 43
SK98,816,338,BLK 414 FERNVALE LINK
PDW8,390,338,BLK 888A WOODLANDS DR 50
BA4,964,338,BLK 113 ALKAFF CRESCENT
SK35,496,339,BLK 297 COMPASSVALE STREET
DWSP,604,340,BLK 95A DAWSON ROAD
SB28,498,341,BLK 482A ADMIRALTY LINK
KTM3,465,341,BLK 131A KIM TIAN ROAD
B85,559,341,BLK 184 BEDOK NORTH ROAD
JM18,559,342,BLK 629A JURONG WEST STREET 65
SK37,538,342,BLK 303 ANCHORVALE LINK
SK28,460,342,BLK 203 COMPASSVALE ROAD
W527,660,342,BLK 527A WOODLANDS DRIVE 14
CK72,680,342,BLK 489 CHOA CHU KANG AVENUE 5
KM3,535,343,BLK 11A PINE CLOSE
J91,587,343,BLK 287E JURONG EAST STREET 21
SB23,550,344,BLK 354 ADMIRALTY DRIVE
BL23,631,344,BLK 216 BOON LAY AVENUE
TBM4,503,346,BLK 88A TELOK BLANGAH HEIGHTS
W101,486,346,BLK 686 WOODLANDS DRIVE 73
B65M,679,346,BLK 154 BEDOK SOUTH ROAD
PL58,566,347,663  PUNGGOL DRIVE
AM64,552,347,BLK 590 ANG MO KIO STREET 51
BA7,508,347,BLK 206 WOODLEIGH LINK
SK67,564,348,BLK 266 COMPASSVALE BOW
TM35,632,348,BLK 742A TAMPINES STREET 72
J7,938,349,BLK 215A/231 JURONG EAST STREET 21
Y40,763,350,BLK 865/880 YISHUN STREET 81
Q75M,509,352,BLK 10A HOLLAND DRIVE
BLM,556,352,BLK 10 BENDEMEER ROAD
J51,655,353,BLK 409/416 JURONG WEST STREET 42
TJ30,745,353,BLK 163A YUNG PING ROAD
JM3,547,354,BLK 679 JURONG WEST CENTRAL 1
W90,499,354,BLK 626A WOODLANDS DRIVE 52
Y8,697,355,BLK 731/746 YISHUN STREET 71/72/AVENUE 5
CK76,755,355,BLK 810 CHOA CHU KANG AVENUE 7
Y14,641,355,"BLK 203/206
BJ3,1054,356,BLK 101/129 GANGSA ROAD/PENDING ROAD
JM27,537,356,BLK 676 JURONG WEST STREET 64
J98M,489,359,BLK 647A JURONG WEST STREET 61
SK6,473,360,BLK 233A COMPASSVALE WALK
W85,515,360,BLK 622A WOODLANDS DRIVE 52
SK26,430,361,BLK 259 COMPASSVALE ROAD
JMB1,492,362,BLK 117A JALAN MEMBINA
SK40,514,363,BLK 306 ANCHORVALE LINK
J99M,502,363,BLK 640A JURONG WEST STREET 61
SK30,426,363,BLK 260 SENGKANG EAST WAY
JM8,478,364,BLK 667 JURONG WEST STREET 65
SE12,722,364,BLK 211-222 SERANGOON AVENUE 4
SI2,647,365,BLK 108/119 SIMEI STREET 1
A21,633,365,BLK 325/326/301 ANG MO KIO STREET 31
PL67,735,366,BLK 314 PUNGGOL WAY
BE4,770,366,BLK 101-116 BISHAN STREET 12
CK57,590,366,BLK 669A CHOA CHU KANG CRESCENT
CK54,628,366,BLK 638-643 CHOA CHU KANG STREET 64
TPMJ,657,369,BLK 146A LORONG 2 TOA PAYOH
BJ28,669,370,BLK 170A LOMPANG ROAD
SK45,556,370,BLK 295 COMPASSVALE CRESCENT
C33,805,370,BLK 601-613 CLEMENTI WEST STREET 1
BJ39,550,371,BLK 537A BUKIT PANJANG RING ROAD
PL20,617,371,BLK 638 PUNGGOL DRIVE
JM26,571,371,BLK 675 JURONG WEST STREET 64
PL70,773,371,BLK 226 SUMANG LANE
HG47,432,372,BLK 805 HOUGANG CENTRAL
PL13,375,372,BLK 131 EDGEDALE PLAINS
TM47,655,372,BLK 519 TAMPINES CENTRAL 8
MP19,511,373,BLK 89 MARINE PARADE CENTRAL
HG1F,469,373,BLK 229 HOUGANG STREET 21
JM15,490,374,BLK 617A JURONG WEST STREET 65
SK7,539,374,BLK 224E COMPASSVALE WALK
PL69,699,374,BLK 661 EDGEDALE PLAINS
PM20,814,375,BLK 526 PASIR RIS STREET 51
SK51,541,378,BLK 325 SENGKANG EAST WAY
J88M,603,378,BLK 692A JURONG WEST CENTRAL 1
SMM,864,378,BLK 53A STRATHMORE AVENUE
TPMQ,662,378,BLK 130 LORONG 1 TOA PAYOH
T19,881,379,BLK 210/230 TAMPINES STREET 23
TBM7,529,379,BLK 70 TELOK BLANGAH HEIGHTS
BA6,500,380,BLK 201 WOODLEIGH LINK
BJ29,664,381,BLK 505A JELAPANG ROAD
SB9,486,381,BLK 335A SEMBAWANG CLOSE
DRM1,448,382,BLK 104C DEPOT ROAD
U58,850,382,BLK 448 BT BATOK WEST AVENUE 9
JM11,573,383,BLK 686 JURONG WEST CENTRAL 1
TJ37,384,384,BLK 337 TAH CHING ROAD
B92,757,384,BLK 2A BEDOK SOUTH AVENUE 1
JM29,641,387,BLK 986 JURONG WEST STREET 93
TJ31,833,388,BLK 331A KANG CHING ROAD
SK4,593,388,BLK 102A RIVERVALE WALK
W546,631,388,BLK 546A WOODLANDS DRIVE 16
PL18,615,391,BLK 162 PUNGGOL CENTRAL
EC2,809,392,BLK 12-25 EUNOS CRESCENT
U56,1004,393,BLK 443 BUKIT BATOK WEST AVENUE 8
CK49,767,395,BLK 610A CHOA CHU KANG STREET 62
P3,658,395,BLK 101 PUNGGOL FIELD
AM20,676,396,BLK 309B ANG MO KIO STREET 31
SB37,719,396,BLK 106 CANBERRA STREET
GBM,677,397,BLK 60A GEYLANG BAHRU
A63,715,398,BLK 501/513/508 ANG MO KIO STREET 52/53
J89M,591,399,BLK 691A JURONG WEST CENTRAL 1
PL17,609,399,BLK 642 PUNGGOL DRIVE
SE50,591,400,BLK 238A SERANGOON AVENUE 2
SK3,700,400,BLK 205D COMPASSVALE LANE
W889,567,400,BLK 889 WOODLANDS DRIVE 50
SB18,644,401,BLK 469/469A/469B ADMIRALTY DRIVE
SK99,824,401,BLK 468 FERNVALE LINK
SB10,549,402,BLK 481A SEMBAWANG DRIVE
CK74,855,402,BLK 805 KEAT HONG CLOSE
CK20,931,403,"BLK 429
T38,974,404,"BLK 902-916
W516,574,405,BLK 516A WOODLANDS DRIVE 14
SB38,666,405,BLK 129 CANBERRA STREET
SK53,770,405,"BLK 313
BJ4,824,406,BLK 219/233 PETIR ROAD
BVM2,504,408,BLK 129A BUKIT MERAH VIEW
JSR2,593,408,BLK 686 JURONG WEST CENTRAL 1
BJ54,625,408,BLK 476A SEGAR ROAD
BJ30,611,409,BLK 510A JELAPANG ROAD
W49,833,409,BLK 839A WOODLANDS STREET 82
PL21,615,409,BLK 166 PUNGGOL CENTRAL
SIM4,590,410,BLK 248 SIMEI STREET 5
A78,546,411,BLK 157/163 ANG MO KIO AVENUE 4
GE1A,792,412,BLK 99-106/111-112 ALJUNIED CRESCENT
SK65,565,412,BLK 267 COMPASSVALE LINK
CK3A,517,415,BLK 118A TECK WHYE LANE
HG38,1076,416,"BLK 508-517
PR10,725,416,BLK 467/477 PASIR RIS DRIVE 6
SK21,653,418,BLK 117D RIVERVALE DRIVE
W56,537,418,BLK 891C WOODLANDS DRIVE 50
TPM8,800,419,BLK 11A LORONG 8 TOA PAYOH
H87L,500,421,BLK 950 TO 976 HOUGANG AVENUE 9 /STREET 91
TPMB,601,421,BLK 156A LORONG 1 TOA PAYOH
HG88,699,424,BLK 699D HOUGANG STREET 52
CK79,500,424,BLK 699D HOUGANG STREET 52
BE23,563,426,BLK 514 BISHAN STREET 13
SB29,628,426,BLK 508 WELLINGTON CIRCLE
HRM,751,426,BLK 96 HENDERSON ROAD
P7,896,428,BLK 119 EDGEFIELD PLAINS
CK63,866,429,BLK 689 CHOA CHU KANG CRESCENT
PL56,670,429,BLK 672 EDGEFIELD PLAINS
BBM5,951,430,BLK 290H BUKIT BATOK STREET 24
SK32,528,432,BLK 200 SENGKANG EAST ROAD
PL12,747,435,BLK 137 EDGEDALE PLAINS
A29,435,435,BLK 347 ANG MO KIO AVENUE 3
T37,1163,437,"BLK 801
MM2,563,439,BLK 52A PIPIT ROAD
SK8,659,442,BLK 126A RIVERVALE STREET
TBM8,960,442,BLK 90 TELOK BLANGAH STREET 31
SB17,563,443,BLK 504 MONTREAL DRIVE
SK14,444,444,BLK 142A RIVERVALE DRIVE
HG90,784,446,BLK 966A HOUGANG AVENUE 9
U52,952,447,BLK 194 BUKIT BATOK WEST AVENUE 6
C20M,550,448,BLK 462A CLEMENTI AVENUE 3
SK9,456,448,BLK 146A RIVERVALE CRESCENT
DWSO,613,448,BLK 40 & 41 MARGARET DRIVE
TM46,762,448,BLK 522 TAMPINES CENTRAL 7
PL61,938,450,BLK 678 PUNGGOL DRIVE
JMB2,666,451,BLK 18A JALAN MEMBINA
PR4,1117,451,BLK 406/411 PASIR RIS DRIVE 6
HLM,583,452,BLK 533A HONG LIM MSCP
SK23,674,452,BLK 121E SENGKANG EAST WAY
PRM,576,453,BLK 33 PARK CRESCENT MSCP
BJ8,988,453,BLK 201/218 PETIR ROAD
S108,900,454,BLK 289 COMPASSVALE CRESCENT
BE42,852,457,BLK 290A BISHAN STREET 24
U2,1109,458,BLK 111/132 BUKIT BATOK WEST AVENUE 6
SB22,715,458,BLK 351 CANBERRA ROAD
C2M,776,458,BLK 463 CLEMENTI AVENUE 1
TPMC,633,460,BLK 110A LORONG 1 TOA PAYOH
SE20,548,461,BLK 264 SERANGOON CENTRAL
TPMN,815,462,BLK 78B TOA PAYOH CENTRAL
SK52,770,462,"BLK 318
B44,1080,463,BLK 528/536 BEDOK NORTH STREET 3
J60M,543,464,505A JURONG WEST STREET 52
SK62,646,473,BLK 408 FERNVALE ROAD
HG91,785,474,BLK 971A HOUGANG STREET 91
B81,622,474,BLK 30A NEW UPPER CHANGI ROAD
DSR2,616,474,BLK 37A MARGARET DRIVE
SB19,789,476,BLK 501 WELLINGTON CIRCLE
PL48,476,476,BLK 271 PUNGGOL WALK
A38,938,477,BLK 407/410/421 ANG MO KIO AVENUE 10
SK66,520,477,BLK 156A RIVERVALE CRESCENT
JM30,754,480,BLK 271 JURONG WEST STREET 24
JM6,702,480,BLK 663 JURONG WEST STREET 65
U57,1070,481,BLK 293 BUKIT BATOK STREET 21
KTM5,512,486,BLK 126 KIM TIAN ROAD
W106,709,486,BLK 690 WOODLANDS DRIVE 75
B6,521,489,BLK 204/209 NEW UPPER CHANGI ROAD
TJ28,755,492,BLK 364 YUNG AN ROAD
SK38,656,492,BLK 261 COMPASSVALE STREET
KE3,1018,493,"BLK 127/135
SB16,714,496,BLK 339 SEMBAWANG CLOSE
Y73M,762,497,BLOCK 671 YISHUN AVENUE 4
W96,756,498,BLK 667A WOODLANDS RING ROAD
HG93,899,500,BLK 980 BUANGKOK CRESCENT
J65,1083,504,BLK 933-953 JURONG WEST STREET 91
RHM3,646,505,BLK 73 REDHILL ROAD
B97,553,509,BLK 714A BEDOK RESERVOIR ROAD
Y83M,739,511,BLK 714A BEDOK RESERVOIR ROAD
B11,1011,511,BLK 416/418 BEDOK NORTH AVENUE 2
SK31,618,517,BLK 195A RIVERVALE DRIVE
W104,696,517,BLK 688 WOODLANDS DRIVE 75
Y19,1178,518,BLK 265/289 YISHUN STREET 22/AVENUE 6
Y10,1145,523,BLK 753/774 YISHUN STREET 72/AVENUE 3
TWM2,674,523,BLK 158A JALAN TECK WHYE
BBM9,1200,524,BLK 395A BUKIT BATOK WEST AVENUE 5
B23M,864,526,BLK 187 BEDOK NORTH STREET 4
BJ50,854,526,BLK 468A SEGAR ROAD
CK70,620,527,BLK 476 CHOA CHU KANG AVENUE 5
SK60,867,528,BLK 404 FERNVALE LANE
B19,860,528,"BLK 36-44
P14,765,531,BLK 403/408 PANDAN GARDENS
HG87,778,532,BLK 955A HOUGANG AVENUE 9
CK47,695,533,BLK 787A CHOA CHU KANG DRIVE
CK77,798,534,BLK 815 CHOA CHU KANG AVENUE 7
U70,805,534,BLK 463 BUKIT BATOK STREET 41
SK33,546,535,BLK 201 SENGKANG EAST ROAD
SK27,693,536,BLK 119 RIVERVALE DRIVE
JM22,538,537,BLK 674 JURONG WEST STREET 65
SK17,677,539,BLK 248A COMPASSVALE ROAD
PL24,749,539,BLK 178 & 193 EDGEFIELD PLAINS
S102,674,539,BLK 164 RIVERVALE CRESCENT
B84,555,547,BLK 215A BEDOK CENTRAL
BJ55,873,550,BLK 625A SENJA ROAD
CLTR,890,555,BLK 311 CLEMENTI AVENUE 4
SB12,798,559,BLK 424A CANBERRA ROAD
TP16,668,565,BLK 175/183 TO 185 TOA PAYOH TOWN CENTRE
A61,1129,567,BLK 520/534/529 ANG MO KIO AVENUE 5/10
SE41,758,570,BLK 546A SERANGOON NORTH AVENUE 3
BM31,622,570,BLK 119 BUKIT MERAH CENTRAL
CKM1,669,573,BLK 429A CHOA CHU KANG AVENUE 4
TM4,1218,578,BLK 494A TAMPINES STREET 43
S100,1104,578,BLK 472 FERNVALE STREET
W61,1209,581,BLK 358A WOODLANDS AVENUE 5
TWM1,776,585,BLK 154A JALAN TECK WHYE
JM24,786,588,BLK 655 JURONG WEST STREET 61
CK58,904,588,BLK 678A CHOA CHU KANG CRESCENT
A76,818,588,BLK 613A ANG MO KIO AVENUE 4
Y34,1189,588,BLK 606-631 YISHUN STREET 61/RING ROAD
SK55,913,593,BLK 160 RIVERVALE CRESCENT
BBM3,1210,596,BLK 289H BUKIT BATOK STREET 25
PL42,598,598,BLK 616 PUNGGOL DRIVE
JM19,1176,599,BLK 273 JURONG WEST AVENUE 3
J49,922,600,BLK 552/559 JURONG WEST STREET 42
HG94,896,602,BLK 984 BUANGKOK LINK
UBM1,914,607,BLK 5 UPPER BOON KENG ROAD
JM20,917,612,BLK 657 JURONG WEST STREET 65
HG75,823,617,BLK 172A HOUGANG AVENUE 1
SK47,632,624,BLK 310 ANCHORVALE ROAD
BJ58,850,624,BLK 455A SEGAR ROAD
Y70M,1248,626,BLK 506 YISHUN AVENUE 4
A53,757,641,BLK 712A ANG MO KIO AVENUE 3/6
SK46,646,642,BLK 312 ANCHORVALE LANE
CKM6,935,646,BLK 462A CHOA CHU KANG AVENUE 4
BJ66,868,647,BLK 634 SENJA ROAD
JM25,1033,651,BLK 673 JURONG WEST STREET 65
NT5,1489,651,BLK 618 TAMPINES STREET 61
SK5,668,658,BLK 124D RIVERVALE DRIVE
SK18,663,663,BLK 188E RIVERVALE DRIVE
BJ43,1004,672,BLK 603A SENJA ROAD
SK58,1164,680,BLK 413 FERNVALE LINK
J90,1294,681,BLK 274A TOH GUAN ROAD
JM13,1061,685,BLK 601A JURONG WEST STREET 62
CM1,962,687,BLK 10 CANTONMENT CLOSE
BJ60,920,688,BLK 547 SEGAR ROAD
SPM,719,709,BLK 108 SPOTTISWOODE PARK MSCP
W517,1158,717,BLK 517A WOODLANDS DRIVE 14
JM17,954,721,BLK 660 JURONG WEST STREET 64
SB30,922,737,BLK 466 SEMBAWANG DRIVE
BJ53,1064,739,BLK 480A SEGAR ROAD
BJ67,940,740,BLK 636 SENJA ROAD
PL14,741,741,BLK 292 PUNGGOL CENTRAL
JM7,1165,779,BLK 669 JURONG WEST STREET 64
TWM3,1000,782,BLK 160A JALAN TECK WHYE
PM4,809,784,BLK 231A PASIR RIS DRIVE 4
CK56,1023,791,BLK 675A CHOA CHU KANG CRESCENT
BJ44,994,791,BLK 177A LOMPANG ROAD
TM6,809,794,BLK 307A TAMPINES STREET 32
HG92,1010,796,BLK 373A HOUGANG STREET 31
CK62,1466,811,BLK 687 CHOA CHU KANG DRIVE
HG73,1052,813,BLK 909A HOUGANG STREET 91
BJ49,1481,830,BLK 611A/613A/615A/616A BUKIT PANJANG RING ROAD/SENJA ROAD
TPM9,852,840,BLK 10A LORONG 7 TOA PAYOH
JM5,1399,848,BLK 664 JURONG WEST STREET 64
SK36,1336,859,BLK 301 ANCHORVALE DRIVE
SK15,1358,874,BLK 256A COMPASSVALE ROAD
SB13,1267,884,BLK 404A ADMIRALTY LINK
JM28,1302,892,BLK 990 JURONG WEST STREET 93
SB26,1401,904,BLK 484A ADMIRALTY LINK
SB21,1454,909,BLK 467/467A/467B ADMIRALTY DRIVE
GM1M,1530,948,31A GHIM MOH LINK
B79,1719,958,BLK 772A BEDOK RESERVOIR VIEW
PM15,1000,993,BLK 158A PASIR RIS STREET 13
PM2,1000,995,BLK 220A PASIR RIS STREET 21
TBL,1000,998,BLK 90B TELOK BLANGAH STREET 31
W98,1494,1006,BLK 681 WOODLANDS DRIVE 62
SK34,1044,1015,BLK 299 COMPASSVALE STREET
CK61,1272,1041,BLK 686 CHOA CHU KANG CRESCENT
CK60,1318,1077,BLK 683 CHOA CHU KANG CRESCENT
CK75,1494,1082,BLK 809 CHOA CHU KANG AVENUE 1
SB15,1549,1099,BLK 358A ADMIRALTY DRIVE
CK78,1712,1211,817 KEAT HONG LINK
DRS,1325,1279,BLK 102A/102B DEPOT ROAD
BJ63,1640,1294,BLK 443 FAJAR ROAD
GMLM,1530,1347,BLK 24 GHIM MOH LINK
CK52,2064,1761,BLK 659A/660A/661A CHOA CHU KANG CRESCENT
BM10,2000,1810,BLK 56/57 LENGKOK BAHRU
JS3L,2010,1980,BLK 624A JURONG WEST STREET 61
CKM5,2754,2402,BLK 450A CHOA CHU KANG AVENUE 4
